Date,CNRG,XLE,XLU
2018-10-23,27.45391845703125,52.14396667480469,44.87258529663086
2018-10-24,27.45391845703125,50.08515930175781,45.96277618408203
2018-10-25,27.45391845703125,50.69826126098633,45.24707794189453
2018-10-26,26.342803955078125,50.31980514526367,44.41487121582031
2018-10-29,26.342803955078125,49.381221771240234,45.03902816772461
2018-10-30,26.342803955078125,50.524169921875,45.213783264160156
2018-10-31,26.342803955078125,50.834510803222656,44.68117904663086
2018-11-01,26.342803955078125,51.26594543457031,44.48145294189453
2018-11-02,26.342803955078125,51.13726806640625,44.23178482055664
2018-11-05,26.342803955078125,51.992591857910156,44.85594177246094
2018-11-06,28.000221252441406,52.234806060791016,45.15553283691406
2018-11-07,28.000221252441406,53.090110778808594,45.67150115966797
2018-11-08,28.000221252441406,51.93959426879883,45.59660720825195
2018-11-09,28.000221252441406,51.84877014160156,45.663177490234375
2018-11-12,28.000221252441406,50.77394485473633,45.63821792602539
2018-11-13,27.657623291015625,49.60830307006836,45.82961654663086
2018-11-14,27.657623291015625,49.52503204345703,45.35527420043945
2018-11-15,28.10207176208496,50.251678466796875,44.980777740478516
2018-11-16,28.277999877929688,50.849639892578125,45.67150115966797
2018-11-19,28.277999877929688,50.834510803222656,45.8712272644043
2018-11-20,27.70391845703125,49.169281005859375,45.6798210144043
2018-11-21,27.70391845703125,49.941341400146484,45.0057373046875
2018-11-23,27.70391845703125,48.37452697753906,45.030704498291016
2018-11-26,27.70391845703125,49.101158142089844,45.2970085144043
2018-11-27,27.70391845703125,48.96491622924805,45.63821792602539
2018-11-28,27.70391845703125,49.805091857910156,45.604923248291016
2018-11-29,27.70391845703125,50.13056945800781,45.588279724121094
2018-11-30,28.90763282775879,50.039737701416016,46.26237869262695
2018-12-03,29.45393180847168,51.15241241455078,46.7284049987793
2018-12-04,29.250226974487305,49.68398666381836,46.761695861816406
2018-12-06,28.833555221557617,48.768123626708984,46.81162643432617
2018-12-07,28.620588302612305,48.49563217163086,46.986392974853516
2018-12-10,28.602073669433594,47.738712310791016,47.07793426513672
2018-12-11,28.537263870239258,47.753849029541016,47.26934814453125
2018-12-12,28.78725814819336,47.943084716796875,46.9697380065918
2018-12-13,28.78725814819336,48.09446334838867,47.377525329589844
2018-12-14,28.39836883544922,46.99693298339844,47.28598403930664
2018-12-17,27.52799415588379,46.14162826538086,45.76305389404297
2018-12-18,27.379846572875977,45.05167007446289,45.45512390136719
2018-12-19,27.379846572875977,44.52181625366211,45.3802375793457
2018-12-20,26.527984619140625,43.288047790527344,45.35527420043945
2018-12-21,26.139095306396484,42.86784744262695,45.16139602661133
2018-12-24,25.27581024169922,41.13357162475586,43.27302169799805
2018-12-26,26.32587432861328,43.692962646484375,43.86051940917969
2018-12-27,26.32587432861328,43.92216110229492,44.22979736328125
2018-12-28,26.58606719970703,43.58599853515625,44.33890151977539
2018-12-31,26.669696807861328,43.81520080566406,44.41443634033203
2019-01-02,26.790502548217773,44.67852020263672,43.650691986083984
2019-01-03,26.54889678955078,44.23540115356445,43.64229965209961
2019-01-04,27.580373764038086,45.74047088623047,44.288543701171875
2019-01-07,27.9242000579834,46.42042922973633,43.98640441894531
2019-01-08,28.11004638671875,46.77951431274414,44.53193664550781
2019-01-09,28.193681716918945,47.52058410644531,44.26337814331055
2019-01-10,28.602558135986328,47.65810012817383,44.842472076416016
2019-01-11,28.68619155883789,47.375423431396484,44.67460632324219
2019-01-14,28.42599868774414,47.26082229614258,43.66747283935547
2019-01-15,28.611848831176758,47.42891311645508,44.204620361328125
2019-01-16,28.899919509887695,47.3677864074707,44.36408233642578
2019-01-17,29.150815963745117,47.80326461791992,44.54871368408203
2019-01-18,29.030012130737305,48.77354049682617,44.59907150268555
2019-01-22,28.59326171875,47.71158218383789,44.683006286621094
2019-01-23,28.59326171875,47.222625732421875,45.13621139526367
2019-01-24,29.327377319335938,47.4747428894043,45.371212005615234
2019-01-25,29.61544418334961,48.07830047607422,44.750152587890625
2019-01-28,29.661911010742188,47.59699249267578,44.54032897949219
2019-01-29,29.699077606201172,47.742149353027344,44.66622543334961
2019-01-30,30.08936882019043,48.41444778442383,45.01031494140625
2019-01-31,30.739845275878906,48.727699279785156,45.95870590209961
2019-02-01,30.312387466430664,49.57573318481445,45.78246307373047
2019-02-04,30.47965431213379,49.69032669067383,45.85797882080078
2019-02-05,30.702682495117188,49.7667350769043,45.9503173828125
2019-02-06,30.67479705810547,49.400028228759766,45.925132751464844
2019-02-07,30.49823760986328,48.30750274658203,46.5294075012207
2019-02-08,30.433195114135742,48.085941314697266,46.73084259033203
2019-02-11,30.68408966064453,48.315147399902344,46.714046478271484
2019-02-12,30.814189910888672,48.92633819580078,46.82316207885742
2019-02-13,30.888532638549805,49.537532806396484,46.688873291015625
2019-02-14,31.11155128479004,49.71324920654297,46.61333084106445
2019-02-15,31.009326934814453,50.515445709228516,46.756011962890625
2019-02-19,31.613351821899414,50.66823959350586,47.03297805786133
2019-02-20,31.473960876464844,50.88216781616211,47.24278259277344
2019-02-21,31.54829978942871,50.09524154663086,47.58689498901367
2019-02-22,32.11514663696289,50.240421295166016,47.880645751953125
2019-02-25,32.05939483642578,50.32444763183594,47.57011032104492
2019-02-26,32.06867980957031,50.16400909423828,47.511375427246094
2019-02-27,32.0872688293457,50.355003356933594,47.57011032104492
2019-02-28,32.096561431884766,49.850772857666016,47.847068786621094
2019-03-01,32.05939483642578,50.76756286621094,47.947784423828125
2019-03-04,31.86425018310547,50.85926055908203,48.031715393066406
2019-03-05,31.641220092773438,50.69118118286133,47.97296142578125
2019-03-06,31.213768005371094,50.04941940307617,47.97296142578125
2019-03-07,31.046506881713867,49.7514533996582,48.1324348449707
2019-03-08,31.13013458251953,48.81937789916992,48.300289154052734
2019-03-11,31.854955673217773,49.5833740234375,48.644386291503906
2019-03-12,31.929290771484375,49.90424728393555,48.9800910949707
2019-03-13,32.13373947143555,50.40849304199219,49.03044128417969
2019-03-14,32.12443923950195,50.46197509765625,49.02206039428711
2019-03-15,31.882844924926758,50.44195556640625,49.19961166381836
2019-03-18,32.147857666015625,51.142642974853516,49.013607025146484
2019-03-19,32.026546478271484,51.00404739379883,48.45556640625
2019-03-20,32.13852310180664,51.45063781738281,48.582393646240234
2019-03-21,31.86790657043457,51.812538146972656,49.098148345947266
2019-03-22,31.12136459350586,50.4111442565918,49.45326232910156
2019-03-25,31.03736686706543,50.43424606323242,49.49553680419922
2019-03-26,31.08403968811035,51.15804672241211,49.850650787353516
2019-03-27,31.009382247924805,50.796146392822266,49.50398635864258
2019-03-28,31.214685440063477,50.98863983154297,48.92060089111328
2019-03-29,32.017215728759766,50.911643981933594,49.18269729614258
2019-04-01,31.72793197631836,51.58153533935547,48.844512939453125
2019-04-02,31.793249130249023,51.22733688354492,48.912139892578125
2019-04-03,32.147857666015625,50.73453903198242,48.83604431152344
2019-04-04,32.20384979248047,51.15804672241211,48.66694259643555
2019-04-05,32.51179504394531,52.05893325805664,49.12351608276367
2019-04-08,32.530460357666016,52.28993225097656,48.77685546875
2019-04-09,32.20384979248047,51.65082550048828,48.89522933959961
2019-04-10,32.4371452331543,51.84333419799805,48.743045806884766
2019-04-11,32.27849578857422,51.881813049316406,48.988243103027344
2019-04-12,32.390480041503906,52.020423889160156,49.216522216796875
2019-04-15,32.334495544433594,51.71243667602539,49.208072662353516
2019-04-16,32.5211296081543,52.05122756958008,48.59931182861328
2019-04-17,32.55844497680664,51.981937408447266,48.413299560546875
2019-04-18,32.577110290527344,51.735530853271484,48.43866729736328
2019-04-22,32.539794921875,52.82891082763672,48.396392822265625
2019-04-23,32.8104133605957,52.74421691894531,48.531673431396484
2019-04-24,33.05303955078125,51.82022476196289,48.844512939453125
2019-04-25,32.782413482666016,51.65853500366211,49.047420501708984
2019-04-26,32.93171310424805,50.98863983154297,49.12351608276367
2019-04-29,32.922386169433594,50.94244384765625,48.83604431152344
2019-04-30,32.73576354980469,50.90394592285156,49.639278411865234
2019-05-01,32.84774398803711,49.8875617980957,49.1319694519043
2019-05-02,32.614437103271484,49.01747512817383,49.02206039428711
2019-05-03,33.603599548339844,49.471771240234375,49.29261779785156
2019-05-06,33.286319732666016,49.51795959472656,49.02206039428711
2019-05-07,33.388980865478516,49.086769104003906,48.869873046875
2019-05-08,33.006378173828125,49.086769104003906,48.201927185058594
2019-05-09,32.49311828613281,49.086769104003906,48.14274215698242
2019-05-10,32.8104133605957,49.31777572631836,49.00514221191406
2019-05-13,32.147857666015625,48.47077560424805,49.529354095458984
2019-05-14,32.49311828613281,49.06367492675781,49.19961166381836
2019-05-15,32.754417419433594,49.31777572631836,49.11506652832031
2019-05-16,33.127685546875,49.5872688293457,49.44481658935547
2019-05-17,32.782413482666016,49.086769104003906,49.69845199584961
2019-05-20,32.49311828613281,49.10987091064453,49.76608657836914
2019-05-21,33.099693298339844,49.67966079711914,49.859100341796875
2019-05-22,33.23966979980469,48.9096794128418,50.23111343383789
2019-05-23,32.549129486083984,47.269596099853516,50.66232681274414
2019-05-24,32.707767486572266,47.44669723510742,50.586238861083984
2019-05-28,32.707767486572266,46.95390319824219,49.75764465332031
2019-05-29,32.46513748168945,46.65360641479492,49.098148345947266
2019-05-30,32.679771423339844,46.06071472167969,49.02206039428711
2019-05-31,32.34382247924805,45.25223159790039,49.25033950805664
2019-06-03,32.838409423828125,45.82971954345703,49.74073028564453
2019-06-04,33.51961135864258,46.62281036376953,49.78301239013672
2019-06-05,33.734256744384766,46.10692596435547,50.84833526611328
2019-06-06,33.9675407409668,46.96159744262695,51.16116714477539
2019-06-07,34.2381591796875,47.17720031738281,50.78070068359375
2019-06-10,34.37815475463867,47.315792083740234,50.434043884277344
2019-06-11,34.60210418701172,47.40819549560547,50.129661560058594
2019-06-12,34.11685562133789,46.73830032348633,50.78070068359375
2019-06-13,34.695430755615234,47.28499984741211,50.88215637207031
2019-06-14,34.5741081237793,46.976993560791016,51.41482925415039
2019-06-17,34.275489807128906,47.369693756103516,51.27107620239258
2019-06-18,35.199337005615234,48.02418518066406,51.05970764160156
2019-06-19,35.404632568359375,47.97029495239258,51.44863510131836
2019-06-20,35.62858581542969,49.032875061035156,51.77838897705078
2019-06-21,35.516624450683594,49.38719177246094,51.978668212890625
2019-06-24,35.224491119384766,48.944297790527344,51.99571228027344
2019-06-25,34.9997673034668,48.5557861328125,51.68037033081055
2019-06-26,34.72823715209961,49.301719665527344,50.555397033691406
2019-06-27,35.25257873535156,48.936527252197266,50.623600006103516
2019-06-28,35.627105712890625,49.50373840332031,50.819610595703125
2019-07-01,36.02973556518555,49.55036544799805,50.6917724609375
2019-07-02,36.13271713256836,48.7578010559082,51.382083892822266
2019-07-03,36.22635269165039,48.952064514160156,51.74003601074219
2019-07-05,36.39488983154297,49.021995544433594,51.714473724365234
2019-07-08,36.17017364501953,49.09192657470703,51.79117202758789
2019-07-09,36.13271713256836,49.130775451660156,51.859352111816406
2019-07-10,36.13271713256836,49.760162353515625,51.978668212890625
2019-07-11,35.79563903808594,49.861175537109375,51.99571228027344
2019-07-12,36.08590316772461,50.07096481323242,51.6547966003418
2019-07-15,36.020347595214844,49.620296478271484,51.859352111816406
2019-07-16,36.06717300415039,49.09192657470703,51.561065673828125
2019-07-17,36.15144348144531,48.532474517822266,51.7570915222168
2019-07-18,36.25444412231445,48.540245056152344,52.20877456665039
2019-07-19,36.28253173828125,48.76557922363281,51.45027160644531
2019-07-22,36.16081237792969,48.99090576171875,51.33946990966797
2019-07-23,36.05781173706055,49.123008728027344,51.015621185302734
2019-07-24,36.22635269165039,49.332801818847656,51.058231353759766
2019-07-25,35.64582824707031,48.77334213256836,50.93040084838867
2019-07-26,35.82372283935547,48.52470779418945,51.11789321899414
2019-07-29,35.97353744506836,48.3304443359375,51.382083892822266
2019-07-30,36.20762252807617,48.874366760253906,50.99005889892578
2019-07-31,36.591514587402344,48.71894836425781,50.75142288208008
2019-08-01,37.09713363647461,47.6155891418457,51.27129364013672
2019-08-02,36.90050506591797,46.931819915771484,51.26277542114258
2019-08-05,35.4492073059082,45.53318786621094,50.52984619140625
2019-08-06,35.75819396972656,45.47879409790039,51.16050720214844
2019-08-07,36.79750442504883,45.13690948486328,51.28834533691406
2019-08-08,37.18140411376953,46.43452835083008,51.816741943359375
2019-08-09,36.6476936340332,45.921695709228516,51.876399993896484
2019-08-12,36.048458099365234,45.37778091430664,51.77412796020508
2019-08-13,36.638328552246094,45.79737091064453,51.8082160949707
2019-08-14,35.41176223754883,44.00246810913086,51.382083892822266
2019-08-15,35.32748794555664,43.73051071166992,52.04684066772461
2019-08-16,36.301265716552734,44.305503845214844,52.311038970947266
2019-08-19,36.834957122802734,45.284542083740234,52.64341735839844
2019-08-20,36.81623077392578,44.90380096435547,52.55819320678711
2019-08-21,37.19076156616211,45.19130325317383,52.907615661621094
2019-08-22,36.79750442504883,44.98927307128906,52.9587516784668
2019-08-23,35.748817443847656,43.48186111450195,52.396270751953125
2019-08-26,36.40425491333008,43.66834259033203,53.001365661621094
2019-08-27,36.10463333129883,43.396392822265625,53.09510803222656
2019-08-28,36.319976806640625,44.01800537109375,52.95023727416992
2019-08-29,36.5821533203125,44.662933349609375,53.31670379638672
2019-08-30,36.71323776245117,44.662933349609375,53.333740234375
2019-09-03,36.26380157470703,44.44536590576172,54.27973175048828
2019-09-04,36.95669174194336,45.06698226928711,54.33087158203125
2019-09-05,36.84431457519531,45.62642288208008,53.74282455444336
2019-09-06,36.60087585449219,45.8673095703125,53.529762268066406
2019-09-09,36.28253173828125,46.7841911315918,53.265560150146484
2019-09-10,36.39488983154297,47.33586883544922,53.333740234375
2019-09-11,37.19076156616211,47.38248825073242,53.86213684082031
2019-09-12,36.79750442504883,47.087223052978516,53.98146057128906
2019-09-13,37.143943786621094,47.4601936340332,53.64054870605469
2019-09-16,37.49039077758789,49.05306625366211,53.68315887451172
2019-09-17,38.1270751953125,48.369300842285156,54.151893615722656
2019-09-18,38.1270751953125,48.13619613647461,54.38201141357422
2019-09-19,38.62333679199219,48.01187515258789,54.63768005371094
2019-09-20,38.51097869873047,48.05107879638672,54.8541145324707
2019-09-23,38.69865798950195,48.066768646240234,54.86269760131836
2019-09-24,37.722740173339844,47.30615234375,55.506832122802734
2019-09-25,37.919803619384766,47.38456726074219,55.472469329833984
2019-09-26,37.309837341308594,46.765113830566406,55.76448059082031
2019-09-27,36.62485122680664,46.75727844238281,55.56694030761719
2019-09-30,36.681148529052734,46.420108795166016,55.601295471191406
2019-10-01,36.12750244140625,45.34585189819336,55.472469329833984
2019-10-02,35.49878692626953,44.232391357421875,54.733882904052734
2019-10-03,35.66769790649414,44.710716247558594,54.86269760131836
2019-10-04,36.287025451660156,44.993003845214844,55.6270637512207
2019-10-07,36.09934616088867,44.59309387207031,55.4123649597168
2019-10-08,35.91167449951172,43.832489013671875,54.89704895019531
2019-10-09,36.00551223754883,44.232391357421875,55.163291931152344
2019-10-10,36.30579376220703,44.78913116455078,55.103179931640625
2019-10-11,36.52162170410156,45.39290237426758,54.89704895019531
2019-10-14,36.446556091308594,45.36937713623047,54.5449333190918
2019-10-15,36.31517791748047,45.55756759643555,54.3731689453125
2019-10-16,36.108734130859375,44.922420501708984,54.4933967590332
2019-10-17,36.42778396606445,44.95378875732422,54.63081359863281
2019-10-18,36.69052505493164,44.71855926513672,54.81116485595703
2019-10-21,36.93449783325195,45.51835632324219,55.025875091552734
2019-10-22,36.643611907958984,46.1064567565918,55.25777053833008
2019-10-23,36.859432220458984,46.49066925048828,55.48106384277344
2019-10-24,37.309837341308594,46.29464340209961,55.67001724243164
2019-10-25,37.291099548339844,46.671024322509766,55.103179931640625
2019-10-28,37.338016510009766,46.404422760009766,54.3474006652832
2019-10-29,37.17849349975586,46.59260940551758,54.398929595947266
2019-10-30,36.46532440185547,45.643821716308594,54.879878997802734
2019-10-31,36.446556091308594,45.447784423828125,55.18046569824219
2019-11-01,36.79374694824219,46.48282241821289,55.043052673339844
2019-11-04,36.59668731689453,47.996192932128906,54.338809967041016
2019-11-05,36.728065490722656,48.058921813964844,53.78055953979492
2019-11-06,36.65298843383789,47.07876968383789,53.986690521240234
2019-11-07,36.249488830566406,47.784481048583984,53.25666809082031
2019-11-08,36.2307243347168,47.588443756103516,53.03336715698242
2019-11-11,36.52162170410156,47.32183837890625,52.70701599121094
2019-11-12,36.7562141418457,47.07876968383789,52.83583450317383
2019-11-13,36.4559326171875,46.87489318847656,53.61738204956055
2019-11-14,36.67176055908203,46.74943161010742,53.80632781982422
2019-11-15,37.112796783447266,47.110130310058594,53.97809600830078
2019-11-18,37.05649948120117,46.537723541259766,54.089752197265625
2019-11-19,37.075260162353516,45.84769058227539,53.952327728271484
2019-11-20,36.85005187988281,46.31032943725586,54.278690338134766
2019-11-21,36.65298843383789,47.070919036865234,54.089752197265625
2019-11-22,36.681148529052734,46.91409683227539,54.10692596435547
2019-11-25,37.26293182373047,46.96115493774414,53.92656326293945
2019-11-26,37.28171157836914,46.529876708984375,54.10692596435547
2019-11-27,37.797813415527344,46.64750289916992,54.201393127441406
2019-11-29,37.544456481933594,46.177024841308594,54.149864196777344
2019-12-02,37.34738540649414,46.177024841308594,53.797733306884766
2019-12-03,37.38492965698242,45.486995697021484,53.94374084472656
2019-12-04,37.58198165893555,46.169185638427734,54.355979919433594
2019-12-05,37.300479888916016,45.94963455200195,54.45045471191406
2019-12-06,37.77904510498047,46.827850341796875,54.28727340698242
2019-12-09,37.67582321166992,46.772953033447266,54.098331451416016
2019-12-10,37.64767074584961,46.86705780029297,54.089752197265625
2019-12-11,38.135623931884766,46.78864288330078,54.23574447631836
2019-12-12,38.59542465209961,47.651180267333984,54.00386428833008
2019-12-13,38.811256408691406,47.29048156738281,54.4246826171875
2019-12-16,39.496273040771484,47.92561721801758,55.103179931640625
2019-12-17,39.50566482543945,47.95698547363281,55.283531188964844
2019-12-18,39.54318618774414,48.137332916259766,55.506832122802734
2019-12-19,39.74024963378906,48.12165069580078,55.524009704589844
2019-12-20,39.94669723510742,48.58325958251953,55.90571212768555
2019-12-23,40.12101364135742,49.08207321166992,55.386383056640625
2019-12-24,40.28120422363281,49.058311462402344,55.46428680419922
2019-12-26,40.98788070678711,49.042476654052734,55.559486389160156
2019-12-27,41.025577545166016,48.83662796020508,55.72394561767578
2019-12-30,41.5061149597168,48.682498931884766,55.71529769897461
2019-12-31,43.53195571899414,48.95975112915039,55.93169021606445
2020-01-02,42.994873046875,49.40010070800781,55.230587005615234
2020-01-03,42.94776153564453,49.253318786621094,55.34311294555664
2020-01-06,43.51311111450195,49.63657760620117,55.39504623413086
2020-01-07,43.32465744018555,49.50611114501953,55.317138671875
2020-01-08,43.993656158447266,48.69065475463867,55.291175842285156
2020-01-09,44.03135299682617,49.04945373535156,55.59412384033203
2020-01-10,44.003082275390625,48.77219772338867,55.74126052856445
2020-01-13,44.59670639038086,48.78851318359375,56.07883071899414
2020-01-14,44.945335388183594,48.79665756225586,56.2432746887207
2020-01-15,45.07725524902344,48.437862396240234,57.03093338012695
2020-01-16,45.50126266479492,48.519405364990234,57.38581085205078
2020-01-17,46.09488296508789,48.209537506103516,57.78395080566406
2020-01-21,47.055973052978516,47.34516143798828,58.31193542480469
2020-01-22,45.40704345703125,46.88850021362305,58.49369812011719
2020-01-23,44.57785415649414,46.709102630615234,59.01302719116211
2020-01-24,44.549583435058594,46.17090606689453,59.16883850097656
2020-01-27,43.00429916381836,44.890647888183594,59.02168273925781
2020-01-28,44.37056350708008,45.094505310058594,59.26404571533203
2020-01-29,44.40825653076172,44.62154769897461,59.419837951660156
2020-01-30,44.549583435058594,44.980342864990234,59.973785400390625
2020-01-31,43.60734558105469,43.57776641845703,59.705467224121094
2020-02-03,44.65323257446289,43.0069580078125,59.89588928222656
2020-02-04,46.00065231323242,43.16189193725586,59.29866027832031
2020-02-05,46.19853210449219,44.784637451171875,59.541015625
2020-02-06,46.54716110229492,44.32798767089844,59.55833053588867
2020-02-07,46.19853210449219,44.01811599731445,59.36790084838867
2020-02-10,47.41402816772461,43.797943115234375,59.59294509887695
2020-02-11,48.19609832763672,44.28720474243164,59.80933380126953
2020-02-12,49.5717887878418,44.88248825073242,59.85262680053711
2020-02-13,49.33621597290039,44.74386978149414,60.51909255981445
2020-02-14,49.20430374145508,44.50739288330078,60.92589569091797
2020-02-18,50.59883499145508,44.14043426513672,61.43656921386719
2020-02-19,53.6517219543457,44.72755813598633,60.77010726928711
2020-02-20,53.44443893432617,44.67862319946289,60.98647689819336
2020-02-21,52.42679977416992,44.148590087890625,60.873958587646484
2020-02-24,50.400962829589844,42.10995101928711,60.16419982910156
2020-02-25,48.742591857910156,40.25072479248047,58.900516510009766
2020-02-26,48.06418228149414,39.03569793701172,58.30329132080078
2020-02-27,45.09609603881836,36.94813919067383,55.68068313598633
2020-02-28,45.0395622253418,36.915523529052734,53.81974792480469
2020-03-02,46.36812973022461,38.40780258178711,56.98764419555664
2020-03-03,46.14198684692383,37.23355484008789,56.28655242919922
2020-03-04,47.50825119018555,38.11423873901367,59.48041915893555
2020-03-05,46.93348693847656,36.71981430053711,58.56294250488281
2020-03-06,45.21857833862305,34.656715393066406,58.08687973022461
2020-03-09,40.98788070678711,27.676450729370117,54.927642822265625
2020-03-10,41.5532341003418,28.98932647705078,55.43832778930664
2020-03-11,38.811279296875,27.456279754638672,52.65126037597656
2020-03-12,33.694862365722656,24.031375885009766,47.33678436279297
2020-03-13,34.787872314453125,26.249404907226562,49.9161262512207
2020-03-16,30.95291519165039,22.67772674560547,44.246795654296875
2020-03-17,33.817359924316406,22.83266258239746,49.90746307373047
2020-03-18,29.925867080688477,19.554542541503906,47.734947204589844
2020-03-19,31.49942398071289,20.88373374938965,44.95653533935547
2020-03-20,31.028297424316406,21.087594985961914,41.3904914855957
2020-03-23,30.142749786376953,19.65029525756836,39.278385162353516
2020-03-24,33.861846923828125,22.801681518554688,43.500831604003906
2020-03-25,35.52640914916992,23.877151489257812,44.611083984375
2020-03-26,36.63928985595703,25.33612632751465,48.41391372680664
2020-03-27,34.78448486328125,23.618709564208984,48.676170349121094
2020-03-30,35.06983947753906,23.86048126220703,50.47705841064453
2020-03-31,35.04130554199219,24.227306365966797,48.44012451171875
2020-04-01,32.729957580566406,23.02678108215332,45.52900314331055
2020-04-02,33.081886291503906,25.13603973388672,46.95397186279297
2020-04-03,32.501670837402344,24.86925506591797,45.275482177734375
2020-04-06,35.20301055908203,26.186500549316406,48.7723388671875
2020-04-07,35.62153244018555,26.745080947875977,48.1603889465332
2020-04-08,37.06731414794922,28.529199600219727,50.78302764892578
2020-04-09,37.856788635253906,28.270750045776367,53.178367614746094
2020-04-13,37.73312759399414,28.17903709411621,51.49114227294922
2020-04-14,39.150386810302734,28.04564666748047,53.0035285949707
2020-04-15,37.54290771484375,26.72840690612793,51.255104064941406
2020-04-16,37.742652893066406,25.586240768432617,51.26383972167969
2020-04-17,38.7699089050293,28.304094314575195,52.91610336303711
2020-04-20,38.19920349121094,27.42037582397461,50.914154052734375
2020-04-21,36.91511917114258,26.93682861328125,50.07491683959961
2020-04-22,38.37042236328125,27.895584106445312,51.534847259521484
2020-04-23,38.80795669555664,28.795976638793945,50.669376373291016
2020-04-24,39.14087677001953,28.86267852783203,50.984100341796875
2020-04-27,40.77690124511719,29.487945556640625,51.51736831665039
2020-04-28,40.87201690673828,30.163249969482422,51.709686279296875
2020-04-29,42.45096969604492,32.397560119628906,51.23761749267578
2020-04-30,40.84347915649414,31.680583953857422,50.05742263793945
2020-05-01,38.69382095336914,29.88812828063965,48.85101318359375
2020-05-04,39.2835578918457,30.921911239624023,49.21818923950195
2020-05-05,39.69255447387695,30.94692611694336,49.62031555175781
2020-05-06,40.32984924316406,30.138235092163086,47.9330940246582
2020-05-07,40.244239807128906,30.921911239624023,48.125423431396484
2020-05-08,41.84222412109375,32.33086395263672,49.09579086303711
2020-05-11,41.6424674987793,31.76394271850586,48.885986328125
2020-05-12,40.69129180908203,31.205373764038086,48.457618713378906
2020-05-13,39.397701263427734,29.7880859375,48.0467414855957
2020-05-14,39.45476150512695,30.121562957763672,48.562522888183594
2020-05-15,39.416717529296875,30.004840850830078,47.91559982299805
2020-05-18,41.96586227416992,32.45592498779297,49.88258361816406
2020-05-19,42.4795036315918,31.547182083129883,49.060829162597656
2020-05-20,42.77436065673828,32.806068420410156,49.33183670043945
2020-05-21,42.28926086425781,32.28084182739258,48.833526611328125
2020-05-22,41.69954299926758,32.080753326416016,49.37554931640625
2020-05-26,43.33556365966797,32.97281265258789,49.69900131225586
2020-05-27,43.73505401611328,33.39800262451172,50.29346466064453
2020-05-28,43.13581085205078,32.46426010131836,51.779632568359375
2020-05-29,43.744571685791016,32.31418991088867,52.18177032470703
2020-06-01,45.0096321105957,32.88111114501953,52.80245590209961
2020-06-02,45.019142150878906,33.79817581176758,53.143402099609375
2020-06-03,46.10348129272461,34.790283203125,53.781578063964844
2020-06-04,46.274696350097656,34.79862594604492,52.819942474365234
2020-06-05,47.45414733886719,37.383079528808594,53.49308776855469
2020-06-08,48.99505615234375,39.06715774536133,54.926795959472656
2020-06-09,47.825111389160156,37.59984588623047,53.82529067993164
2020-06-10,49.46113204956055,35.74904251098633,53.51056671142578
2020-06-11,44.74329376220703,32.38088607788086,51.42120361328125
2020-06-12,45.99884796142578,33.197906494140625,51.290069580078125
2020-06-15,46.455413818359375,33.29795455932617,51.63975143432617
2020-06-16,47.282936096191406,34.256717681884766,51.87579345703125
2020-06-17,45.62788772583008,33.08953094482422,51.71843338012695
2020-06-18,46.0654411315918,33.49803924560547,51.709686279296875
2020-06-19,45.92275619506836,32.98948669433594,50.258506774902344
2020-06-22,45.86159133911133,33.1423225402832,50.748619079589844
2020-06-23,46.56877899169922,33.17610168457031,50.237342834472656
2020-06-24,46.272525787353516,31.335330963134766,49.77895736694336
2020-06-25,46.110069274902344,31.934843063354492,49.161895751953125
2020-06-26,45.06840896606445,30.828689575195312,48.64179992675781
2020-06-29,46.80768585205078,31.24243927001953,49.55858612060547
2020-06-30,47.27595901489258,31.960166931152344,49.74369812011719
2020-07-01,48.16471862792969,31.18333625793457,50.90729522705078
2020-07-02,48.94834518432617,31.529539108276367,51.039520263671875
2020-07-06,51.16544723510742,31.622421264648438,50.41364288330078
2020-07-07,51.46169662475586,30.617595672607422,50.210899353027344
2020-07-08,52.83784866333008,30.592266082763672,50.66046905517578
2020-07-09,52.21666717529297,29.080808639526367,49.98170471191406
2020-07-10,52.79960250854492,30.0096378326416,50.9249267578125
2020-07-13,52.14976119995117,29.849193572998047,50.977813720703125
2020-07-14,54.261749267578125,30.896249771118164,51.45382308959961
2020-07-15,55.50408935546875,31.563312530517578,51.25107192993164
2020-07-16,54.79691696166992,31.41975975036621,51.90340042114258
2020-07-17,55.5518798828125,30.980680465698242,53.0758056640625
2020-07-20,56.679542541503906,30.465606689453125,52.37940979003906
2020-07-21,56.2877197265625,32.306373596191406,52.61742401123047
2020-07-22,57.03313064575195,31.90951919555664,53.428409576416016
2020-07-23,57.01403045654297,31.850400924682617,53.4901237487793
2020-07-24,55.819461822509766,31.673078536987305,53.13751220703125
2020-07-27,56.794219970703125,31.706859588623047,52.49401092529297
2020-07-28,55.570987701416016,31.166446685791016,53.28738021850586
2020-07-29,55.284297943115234,31.816638946533203,53.53419494628906
2020-07-30,54.978492736816406,30.56693458557129,53.53419494628906
2020-07-31,54.462432861328125,30.423383712768555,53.622344970703125
2020-08-03,56.12527084350586,30.533159255981445,53.04054641723633
2020-08-04,58.065242767333984,31.276220321655273,53.622344970703125
2020-08-05,59.374481201171875,31.60553741455078,52.93476486206055
2020-08-06,59.403141021728516,31.352222442626953,53.243289947509766
2020-08-07,60.44480514526367,31.39443016052246,54.20415115356445
2020-08-10,61.06597137451172,32.36548614501953,54.186519622802734
2020-08-11,59.09733581542969,32.25571823120117,53.01410675048828
2020-08-12,60.62637710571289,32.576595306396484,53.78102493286133
2020-08-13,61.69669723510742,31.943281173706055,53.69287109375
2020-08-14,60.741058349609375,32.24726867675781,53.22567367553711
2020-08-17,61.668033599853516,32.06150817871094,53.155147552490234
2020-08-18,62.193641662597656,31.65619659423828,52.917137145996094
2020-08-19,62.919921875,31.293109893798828,52.75846481323242
2020-08-20,61.77315902709961,30.617595672607422,52.291259765625
2020-08-21,62.27964782714844,30.423383712768555,52.37940979003906
2020-08-24,63.091949462890625,31.25933265686035,52.837799072265625
2020-08-25,64.0189437866211,30.820255279541016,52.33533477783203
2020-08-26,63.598453521728516,30.170066833496094,51.753536224365234
2020-08-27,64.0571517944336,30.229177474975586,51.92102813720703
2020-08-28,65.35682678222656,30.769590377807617,52.07088851928711
2020-08-31,65.0796890258789,30.102521896362305,52.229557037353516
2020-09-01,65.9493408203125,29.899856567382812,51.630130767822266
2020-09-02,65.52885437011719,29.756317138671875,53.234474182128906
2020-09-03,61.30488967895508,29.536781311035156,52.63505554199219
2020-09-04,60.9512939453125,29.443891525268555,52.33533477783203
2020-09-08,60.00520706176758,28.371519088745117,52.04444122314453
2020-09-09,61.8782844543457,28.565732955932617,52.73201370239258
2020-09-10,60.616817474365234,27.518686294555664,51.82406234741211
2020-09-11,60.78883743286133,27.54401397705078,51.94747543334961
2020-09-14,63.01549530029297,27.75511360168457,52.6614990234375
2020-09-15,64.26740264892578,27.552459716796875,53.01410675048828
2020-09-16,64.70699310302734,28.658611297607422,52.943580627441406
2020-09-17,63.12062072753906,28.700828552246094,52.51163864135742
2020-09-18,63.4168815612793,28.379959106445312,51.58604431152344
2020-09-21,63.212066650390625,27.43928337097168,51.26509094238281
2020-09-22,63.432167053222656,27.15604591369629,51.58515930175781
2020-09-23,62.64740753173828,25.92870330810547,50.79386901855469
2020-09-24,62.18803024291992,25.92012596130371,51.362892150878906
2020-09-25,64.51361846923828,25.902957916259766,52.2075309753418
2020-09-28,67.489990234375,26.512340545654297,52.34088897705078
2020-09-29,68.20779418945312,25.782798767089844,52.3231086730957
2020-09-30,69.71988677978516,25.705556869506836,52.79433059692383
2020-10-01,71.83494567871094,24.915935516357422,53.327781677246094
2020-10-02,71.29899597167969,25.15625,53.95903396606445
2020-10-05,74.75387573242188,25.911540985107422,54.63475036621094
2020-10-06,75.07928466796875,25.525312423706055,55.097076416015625
2020-10-07,78.72557067871094,25.885793685913086,55.4349365234375
2020-10-08,77.44314575195312,26.855649948120117,56.44850158691406
2020-10-09,79.56775665283203,26.426511764526367,56.439613342285156
2020-10-12,77.4144515991211,26.49517250061035,56.795249938964844
2020-10-13,78.1800765991211,26.08319664001465,56.404048919677734
2020-10-14,78.84041595458984,26.194774627685547,56.332923889160156
2020-10-15,78.21834564208984,26.512340545654297,56.297359466552734
2020-10-16,77.89295959472656,25.911540985107422,56.901939392089844
2020-10-19,78.70642852783203,25.36224365234375,56.421836853027344
2020-10-20,81.13729858398438,25.66263771057129,56.75968551635742
2020-10-21,75.07928466796875,25.173418045043945,56.60853958129883
2020-10-22,75.84490966796875,26.211938858032227,57.40870666503906
2020-10-23,75.48124694824219,26.08319664001465,57.568763732910156
2020-10-26,74.11268615722656,25.147668838500977,57.55097961425781
2020-10-27,72.75367736816406,24.821521759033203,57.50651550292969
2020-10-28,72.47615814208984,23.783002853393555,55.83502197265625
2020-10-29,72.7249755859375,24.512540817260742,55.986175537109375
2020-10-30,71.01188659667969,24.649864196777344,55.46160888671875
2020-11-02,74.15097045898438,25.490982055664062,56.67967224121094
2020-11-03,74.93573760986328,25.345073699951172,57.49762725830078
2020-11-04,72.91637420654297,25.379411697387695,56.635215759277344
2020-11-05,79.92186737060547,25.379411697387695,57.14198684692383
2020-11-06,79.6634750366211,24.830106735229492,57.01751708984375
2020-11-09,79.36678314208984,28.37480926513672,58.07554244995117
2020-11-10,78.17050170898438,29.293176651000977,58.91128921508789
2020-11-11,81.49140167236328,28.992773056030273,59.13356399536133
2020-11-12,79.56775665283203,28.0572452545166,58.18223190307617
2020-11-13,80.52479553222656,29.078601837158203,58.760135650634766
2020-11-16,82.19003295898438,30.992570877075195,59.355838775634766
2020-11-17,82.92696380615234,31.31014060974121,58.19112777709961
2020-11-18,82.22834014892578,30.400354385375977,57.053077697753906
2020-11-19,83.20449829101562,30.898157119750977,56.484066009521484
2020-11-20,84.60176086425781,30.73508644104004,56.49296188354492
2020-11-23,88.74571990966797,32.90654373168945,56.50184631347656
2020-11-24,90.48753356933594,34.597354888916016,57.106441497802734
2020-11-25,92.01878356933594,33.79056930541992,57.257572174072266
2020-11-27,93.56915283203125,33.3957633972168,56.688560485839844
2020-11-30,90.9947509765625,31.55045509338379,55.8705940246582
2020-12-01,89.14768981933594,31.696361541748047,56.26178741455078
2020-12-02,87.83653259277344,32.72630310058594,56.635215759277344
2020-12-03,86.6881103515625,33.069610595703125,56.04841613769531
2020-12-04,87.98966217041016,34.87200927734375,55.488277435302734
2020-12-07,87.90352630615234,34.05664825439453,55.799461364746094
2020-12-08,91.47325897216797,34.56303405761719,55.63053512573242
2020-12-09,87.75996398925781,34.64027786254883,55.53274154663086
2020-12-10,88.66915130615234,35.70453643798828,55.24822235107422
2020-12-11,88.3820571899414,35.292564392089844,55.33713150024414
2020-12-14,89.1093978881836,34.05664825439453,55.05262756347656
2020-12-15,95.54065704345703,34.726104736328125,56.1373176574707
2020-12-16,95.15785217285156,34.55443572998047,55.488277435302734
2020-12-17,96.22972869873047,34.3913688659668,55.86170196533203
2020-12-18,98.47875213623047,33.81632614135742,55.381595611572266
2020-12-21,100.81370544433594,33.163997650146484,54.71092987060547
2020-12-22,106.25582122802734,32.60735321044922,54.603336334228516
2020-12-23,106.29417419433594,33.329254150390625,54.4957389831543
2020-12-24,105.04859161376953,33.15530014038086,54.881282806396484
2020-12-28,104.33001708984375,32.94655990600586,55.12336730957031
2020-12-29,101.94429016113281,32.729122161865234,55.11439895629883
2020-12-30,103.78386688232422,33.242286682128906,55.39235305786133
2020-12-31,103.75513458251953,32.96395492553711,56.217227935791016
2021-01-04,104.75157928466797,33.016143798828125,54.80058670043945
2021-01-05,107.29061126708984,34.49473190307617,54.7916259765625
2021-01-06,115.27178192138672,35.547149658203125,56.15446472167969
2021-01-07,122.00736236572266,36.06900405883789,55.41925048828125
2021-01-08,124.08648681640625,36.0255126953125,55.88548278808594
2021-01-11,123.34874725341797,36.59086608886719,55.36545181274414
2021-01-12,129.02084350585938,37.86941146850586,55.06956481933594
2021-01-13,128.4459686279297,37.57368850708008,56.14550018310547
2021-01-14,129.94064331054688,38.686981201171875,55.9303092956543
2021-01-15,122.63973999023438,37.18229675292969,56.47724533081055
2021-01-19,129.16456604003906,37.930294036865234,56.26205825805664
2021-01-20,129.45199584960938,38.069454193115234,56.59380340576172
2021-01-21,135.25820922851562,36.7822151184082,56.26205825805664
2021-01-22,138.60206604003906,36.59086608886719,56.34275436401367
2021-01-25,133.0736846923828,36.21685791015625,57.47247314453125
2021-01-26,135.88099670410156,35.44276428222656,56.89865493774414
2021-01-27,129.63404846191406,34.96440505981445,55.36545181274414
2021-01-28,129.0687713623047,35.37319564819336,56.02893829345703
2021-01-29,125.3512191772461,34.19901657104492,55.724090576171875
2021-02-01,129.14537048339844,34.44255065917969,55.993080139160156
2021-02-02,131.69400024414062,34.81654739379883,56.45035171508789
2021-02-03,133.6006622314453,36.3038444519043,56.27102279663086
2021-02-04,132.46047973632812,36.70392990112305,56.71036148071289
2021-02-05,134.23301696777344,37.01704406738281,57.01521301269531
2021-02-08,137.59600830078125,38.56521987915039,56.57587432861328
2021-02-09,140.6907501220703,38.156429290771484,56.65656661987305
2021-02-10,138.35292053222656,38.88702392578125,56.88071823120117
2021-02-11,138.24755859375,38.286888122558594,56.55794143676758
2021-02-12,138.52542114257812,38.852230072021484,56.14550018310547
2021-02-16,133.9072265625,39.82636260986328,55.51787185668945
2021-02-17,129.49990844726562,40.41780471801758,55.562705993652344
2021-02-18,121.68160247802734,39.504554748535156,55.894447326660156
2021-02-19,125.12129211425781,40.16558074951172,55.06060028076172
2021-02-22,116.72811889648438,41.557193756103516,53.984683990478516
2021-02-23,115.0322265625,42.24430465698242,54.43297576904297
2021-02-24,120.16777038574219,43.74030303955078,53.79640197753906
2021-02-25,112.3495101928711,42.89663314819336,53.31222152709961
2021-02-26,113.24055480957031,41.87900924682617,52.32595443725586
2021-03-01,119.28630065917969,42.966209411621094,53.482582092285156
2021-03-02,114.56275939941406,42.731380462646484,53.321189880371094
2021-03-03,108.41162109375,43.357601165771484,52.693565368652344
2021-03-04,103.10359954833984,44.392616271972656,52.64873123168945
2021-03-05,101.7622299194336,46.05385971069336,53.50947952270508
2021-03-08,99.6639404296875,46.14083480834961,54.26263427734375
2021-03-09,108.96732330322266,45.33196258544922,54.97991180419922
2021-03-10,109.27393341064453,46.48004913330078,55.356483459472656
2021-03-11,116.19156646728516,46.49744415283203,55.21303176879883
2021-03-12,116.49816131591797,46.59311294555664,55.95721435546875
2021-03-15,116.49816131591797,46.062557220458984,56.67449951171875
2021-03-16,112.29199981689453,44.74922561645508,56.746219635009766
2021-03-17,110.96981048583984,45.09711456298828,55.822723388671875
2021-03-18,105.58515167236328,43.07057571411133,55.616493225097656
2021-03-19,107.93254852294922,43.079280853271484,55.76892852783203
2021-03-22,109.34919738769531,42.66615676879883,55.688541412353516
2021-03-23,105.22209930419922,42.04207229614258,56.51957321166992
2021-03-24,101.24855041503906,43.09686279296875,56.537635803222656
2021-03-25,102.90900421142578,43.25508117675781,57.14284896850586
2021-03-26,105.11651611328125,44.32744598388672,57.332542419433594
2021-03-29,100.62467193603516,43.800052642822266,57.9467887878418
2021-03-30,105.71157836914062,43.42208480834961,57.42286682128906
2021-03-31,109.40680694580078,43.123233795166016,57.8474235534668
2021-04-01,108.98448181152344,44.22196578979492,57.79322814941406
2021-04-05,106.99771881103516,43.167179107666016,58.425537109375
2021-04-06,108.1014633178711,43.05290603637695,58.73265838623047
2021-04-07,104.13753509521484,43.202335357666016,58.660396575927734
2021-04-08,104.56944274902344,42.63978576660156,58.615230560302734
2021-04-09,104.07994079589844,42.35850143432617,58.551998138427734
2021-04-12,102.4386978149414,42.02449035644531,58.60619354248047
2021-04-13,103.04338073730469,42.068443298339844,59.30174255371094
2021-04-14,102.64026641845703,43.237491607666016,59.563697814941406
2021-04-15,100.36553955078125,42.88590621948242,60.223106384277344
2021-04-16,101.7476577758789,42.543094635009766,60.71088790893555
2021-04-19,98.91625213623047,42.4991455078125,60.403770446777344
2021-04-20,98.60912322998047,41.37403869628906,61.17156982421875
2021-04-21,101.69965362548828,41.90142822265625,60.656700134277344
2021-04-22,103.1489486694336,41.409202575683594,60.223106384277344
2021-04-23,105.89395141601562,41.78717041015625,60.14181137084961
2021-04-26,107.31443786621094,42.068443298339844,59.798545837402344
2021-04-27,105.75958251953125,42.57825469970703,59.33787155151367
2021-04-28,104.28150177001953,44.04617691040039,59.25657272338867
2021-04-29,102.82260131835938,44.538394927978516,59.798545837402344
2021-04-30,100.5287094116211,43.41329574584961,60.268280029296875
2021-05-03,99.34815979003906,44.60871887207031,60.25923538208008
2021-05-04,95.73933410644531,44.63508605957031,60.033416748046875
2021-05-05,94.9619140625,46.076637268066406,59.02170944213867
2021-05-06,94.39562225341797,46.313961029052734,59.47336196899414
2021-05-07,95.55696868896484,47.14020919799805,59.65402603149414
2021-05-10,91.69862365722656,47.15779495239258,60.25923538208008
2021-05-11,92.79277801513672,45.94478988647461,59.518524169921875
2021-05-12,89.14555358886719,46.16453170776367,58.12744903564453
2021-05-13,88.77125549316406,45.60197830200195,59.24754333496094
2021-05-14,92.25531005859375,47.017147064208984,59.53660583496094
2021-05-17,91.03636169433594,48.10709762573242,59.0488166809082
2021-05-18,91.99615478515625,46.990779876708984,59.03978729248047
2021-05-19,93.20549011230469,45.82172775268555,58.94042205810547
2021-05-20,95.14425659179688,45.75141143798828,59.45530700683594
2021-05-21,95.62416076660156,45.84809494018555,59.76243209838867
2021-05-24,94.85633087158203,46.30516815185547,59.65402603149414
2021-05-25,94.12687683105469,45.364654541015625,58.93137741088867
2021-05-26,97.23661804199219,45.768985748291016,58.94042205810547
2021-05-27,97.51496124267578,45.804141998291016,58.54296112060547
2021-05-28,96.9198989868164,45.89204406738281,58.8591194152832
2021-06-01,97.48616027832031,47.65882110595703,58.497802734375
2021-06-02,97.294189453125,48.546600341796875,58.8049201965332
2021-06-03,95.58576202392578,48.678443908691406,59.1572151184082
2021-06-04,96.99666595458984,49.0036735534668,59.06687927246094
2021-06-07,97.69733428955078,48.79270935058594,59.17528533935547
2021-06-08,98.71470642089844,49.214622497558594,58.66943359375
2021-06-09,97.77410888671875,48.906978607177734,59.193336486816406
2021-06-10,98.20601654052734,48.8454475402832,59.581764221191406
2021-06-11,99.14661407470703,48.678443908691406,59.717254638671875
2021-06-14,98.68590545654297,48.46747970581055,59.84372329711914
2021-06-15,96.26724243164062,49.390419006347656,60.02437973022461
2021-06-16,96.679931640625,49.12672424316406,59.12108612060547
2021-06-17,97.46697998046875,47.4566535949707,59.446258544921875
2021-06-18,95.33623504638672,46.050262451171875,57.901615142822266
2021-06-21,95.20524597167969,48.01268005371094,58.6517219543457
2021-06-22,96.0335464477539,48.33235549926758,58.29669952392578
2021-06-23,97.78643035888672,48.46555709838867,57.67768859863281
2021-06-24,98.29688262939453,48.88290023803711,57.62306594848633
2021-06-25,99.17333984375,49.14040756225586,58.24208068847656
2021-06-28,103.42073822021484,47.479896545410156,58.61530685424805
2021-06-29,102.82357788085938,47.24903106689453,57.668575286865234
2021-06-30,101.93751525878906,47.8350944519043,57.55934524536133
2021-07-01,101.50408935546875,48.6697883605957,58.18745422363281
2021-07-02,101.04180145263672,48.563228607177734,58.27849197387695
2021-07-06,100.8684310913086,46.982635498046875,58.5242805480957
2021-07-07,100.04016876220703,46.2189826965332,58.906612396240234
2021-07-08,98.33541107177734,45.95258712768555,58.73365020751953
2021-07-09,99.15406036376953,46.929351806640625,58.80647659301758
2021-07-12,100.4253921508789,46.858314514160156,58.99763870239258
2021-07-13,98.71102142333984,46.50313186645508,58.55158615112305
2021-07-14,95.09929656982422,45.117889404296875,59.061363220214844
2021-07-15,94.21322631835938,44.487430572509766,59.725894927978516
2021-07-16,92.7203598022461,43.22651290893555,60.32670211791992
2021-07-19,91.15046691894531,41.699195861816406,59.370880126953125
2021-07-20,93.68350219726562,42.25862503051758,59.625762939453125
2021-07-21,96.79440307617188,43.73265075683594,58.9703254699707
2021-07-22,95.20524597167969,43.2442741394043,59.061363220214844
2021-07-23,93.15376281738281,43.084434509277344,59.81692123413086
2021-07-26,92.48922729492188,44.150001525878906,59.835140228271484
2021-07-27,91.81503295898438,43.74153518676758,60.863792419433594
2021-07-28,94.97409057617188,44.14112854003906,60.399539947509766
2021-07-29,95.32081604003906,44.56734848022461,60.56338882446289
2021-07-30,95.30155944824219,43.856971740722656,60.053619384765625
2021-08-02,94.51179504394531,43.52841567993164,60.51787567138672
2021-08-03,96.33209991455078,44.27431869506836,60.863792419433594
2021-08-04,95.07039642333984,43.07555389404297,60.77276611328125
2021-08-05,95.02225494384766,43.563941955566406,61.43729782104492
2021-08-06,95.00298309326172,43.963531494140625,61.400882720947266
2021-08-09,96.90998840332031,43.341949462890625,61.38267517089844
2021-08-10,97.71900939941406,44.1056022644043,61.4463996887207
2021-08-11,96.43803405761719,44.4519157409668,62.01988983154297
2021-08-12,96.1009521484375,44.40751266479492,62.0836067199707
2021-08-13,93.57756805419922,43.88360595703125,62.520565032958984
2021-08-16,91.79576110839844,43.07555389404297,62.90290451049805
2021-08-17,89.61910247802734,42.63157653808594,62.93931198120117
2021-08-18,89.64799499511719,41.74359893798828,62.62071990966797
2021-08-19,87.9432601928711,40.66026306152344,62.87559509277344
2021-08-20,89.63835906982422,40.74906539916992,63.65846252441406
2021-08-23,91.79576110839844,42.2763786315918,62.839176177978516
2021-08-24,92.70111846923828,42.977874755859375,62.42953109741211
2021-08-25,93.02855682373047,43.306434631347656,62.54787063598633
2021-08-26,92.5277328491211,42.64932632446289,62.39311981201172
2021-08-27,93.94355010986328,43.78593444824219,62.37491989135742
2021-08-30,94.56958770751953,43.27090835571289,62.46595001220703
2021-08-31,94.7525863647461,42.977874755859375,62.39311981201172
2021-09-01,95.46528625488281,42.34741973876953,63.21240997314453
2021-09-02,96.28395080566406,43.42186737060547,63.785892486572266
2021-09-03,95.25341033935547,43.17323303222656,63.257930755615234
2021-09-07,95.18598175048828,42.91572189331055,62.42042922973633
2021-09-08,93.22119140625,42.365177154541016,63.54011535644531
2021-09-09,93.87613677978516,42.45397186279297,63.1942024230957
2021-09-10,92.25807189941406,42.43621826171875,62.31119918823242
2021-09-13,93.97244262695312,43.65273666381836,62.20196533203125
2021-09-14,93.22119140625,43.022281646728516,61.99259567260742
2021-09-15,93.31751251220703,44.62950897216797,61.91065979003906
2021-09-16,92.55665588378906,44.12335968017578,61.39177322387695
2021-09-17,93.71239471435547,43.79481887817383,60.445045471191406
2021-09-20,90.04981231689453,42.45745849609375,60.33406448364258
2021-09-21,90.62872314453125,42.55632400512695,60.16896438598633
2021-09-22,92.40404510498047,43.86851501464844,60.13227844238281
2021-09-23,92.65491485595703,45.405391693115234,59.811256408691406
2021-09-24,90.96642303466797,45.746925354003906,59.747047424316406
2021-09-27,92.74176788330078,47.373680114746094,59.040802001953125
2021-09-28,90.41644287109375,47.535457611083984,58.2978630065918
2021-09-29,89.65423583984375,47.535457611083984,59.059139251708984
2021-09-30,90.64801788330078,46.81644821166992,58.591365814208984
2021-10-01,91.7479476928711,48.3892707824707,58.591365814208984
2021-10-04,88.68936920166016,49.1801872253418,59.39851379394531
2021-10-05,88.99810791015625,49.46779251098633,59.25175857543945
2021-10-06,89.35511016845703,48.94650650024414,60.16896438598633
2021-10-07,91.13043212890625,49.32399368286133,59.84794998168945
2021-10-08,90.9374771118164,50.84290313720703,59.407676696777344
2021-10-11,92.9347152709961,50.65415573120117,58.60053253173828
2021-10-12,95.84857940673828,50.699092864990234,58.99493408203125
2021-10-13,97.70109558105469,50.65415573120117,59.68284225463867
2021-10-14,97.14149475097656,51.2743034362793,60.4166145324707
2021-10-15,96.82308959960938,51.52595138549805,60.242340087890625
2021-10-18,97.43094635009766,51.5619010925293,59.66450500488281
2021-10-19,99.75623321533203,52.14610290527344,60.4166145324707
2021-10-20,99.16768646240234,52.56851577758789,61.370521545410156
2021-10-21,99.06155395507812,51.59785079956055,61.370521545410156
2021-10-22,97.78792572021484,52.08317947387695,61.68235778808594
2021-10-25,100.03604888916016,52.84713363647461,61.41636657714844
2021-10-26,98.9554214477539,53.152713775634766,61.7465705871582
2021-10-27,100.85617065429688,51.62481689453125,61.33382797241211
2021-10-28,104.36820983886719,51.993309020996094,61.73738479614258
2021-10-29,105.56466674804688,51.65177917480469,61.370521545410156
2021-11-01,108.57500457763672,52.54155731201172,61.59065246582031
2021-11-02,105.90235900878906,52.04723358154297,61.64567184448242
2021-11-03,107.0312271118164,51.61582946777344,61.41636657714844
2021-11-04,107.08911895751953,51.68772888183594,61.07699966430664
2021-11-05,106.14356231689453,52.36180114746094,61.654850006103516
2021-11-08,107.21455383300781,52.8381462097168,60.737640380859375
2021-11-09,105.55500793457031,53.0538444519043,61.04948425292969
2021-11-10,103.71214294433594,51.65177917480469,61.54478454589844
2021-11-11,107.45578002929688,51.84950256347656,61.168731689453125
2021-11-12,108.2179946899414,51.72368621826172,61.132041931152344
2021-11-15,107.12771606445312,52.15509033203125,61.93918991088867
2021-11-16,106.49091339111328,52.2359733581543,61.64567184448242
2021-11-17,105.20765686035156,51.43607711791992,61.70071029663086
2021-11-18,102.48676300048828,51.1304931640625,61.37968063354492
2021-11-19,105.10153198242188,49.1352424621582,61.72822189331055
2021-11-22,104.07878875732422,50.00704574584961,62.104270935058594
2021-11-23,102.54466247558594,51.54393005371094,62.16847610473633
2021-11-24,102.67008972167969,52.04723358154297,62.20518112182617
2021-11-26,99.17732238769531,49.953128814697266,61.23292922973633
2021-11-29,100.6824951171875,50.24073028564453,62.140960693359375
2021-11-30,97.3634033203125,49.06334686279297,60.32489013671875
2021-12-01,94.62321472167969,48.54206085205078,60.43496322631836
2021-12-02,94.41095733642578,49.953128814697266,61.205413818359375
2021-12-03,90.88922119140625,49.55766677856445,61.8199462890625
2021-12-06,92.1338882446289,50.294654846191406,62.764671325683594
2021-12-07,94.98020935058594,51.47203063964844,63.23244857788086
2021-12-08,95.41439819335938,51.463043212890625,63.168251037597656
2021-12-09,92.21107482910156,51.06759262084961,63.085693359375
2021-12-10,91.78654479980469,51.44506072998047,63.42506790161133
2021-12-13,91.94092559814453,50.01604080200195,64.20467376708984
2021-12-14,88.87269592285156,49.809322357177734,63.819461822509766
2021-12-15,90.12700653076172,49.566654205322266,64.8650894165039
2021-12-16,87.83065032958984,49.881229400634766,65.19527435302734
2021-12-17,88.16834259033203,48.86561584472656,64.21385955810547
2021-12-20,84.21514129638672,48.26020431518555,64.2748794555664
2021-12-21,87.3097915649414,49.634910583496094,64.18243408203125
2021-12-22,87.27098846435547,49.953548431396484,64.45977020263672
2021-12-23,87.76575469970703,49.98086166381836,64.45051574707031
2021-12-27,87.49412536621094,51.073341369628906,64.76483154296875
2021-12-28,86.87325286865234,51.03692626953125,65.34720611572266
2021-12-29,86.058349609375,50.70917510986328,65.69847869873047
2021-12-30,87.77545166015625,50.39964294433594,65.93882751464844
2021-12-31,87.48442077636719,50.527103424072266,66.1699447631836
2022-01-03,88.65824890136719,52.092987060546875,65.51359558105469
2022-01-04,87.75604248046875,53.89557647705078,65.31024169921875
2022-01-05,84.1278305053711,53.8864631652832,65.27324676513672
2022-01-06,83.50697326660156,55.088191986083984,64.59841918945312
2022-01-07,83.72039794921875,55.84382629394531,65.0883560180664
2022-01-10,82.56595611572266,55.67085266113281,64.66313171386719
2022-01-11,83.72039794921875,57.564476013183594,64.08074951171875
2022-01-12,84.4091796875,57.67372512817383,64.28410339355469
2022-01-13,83.01220703125,57.38239669799805,64.59841918945312
2022-01-14,82.91521453857422,58.729793548583984,64.15470886230469
2022-01-18,80.39291381835938,58.96649169921875,63.38743209838867
2022-01-19,79.52952575683594,58.538604736328125,63.67399215698242
2022-01-20,79.2190933227539,58.00146484375,63.757205963134766
2022-01-21,76.43487548828125,56.8543701171875,63.63700866699219
2022-01-24,76.82292175292969,57.236732482910156,63.02690505981445
2022-01-25,74.7953872680664,59.458106994628906,62.037776947021484
2022-01-26,73.85437774658203,59.35795974731445,61.52934265136719
2022-01-27,71.82686614990234,60.00434494018555,62.07476806640625
2022-01-28,72.88426971435547,59.74943542480469,62.823524475097656
2022-01-31,77.58930206298828,60.013450622558594,64.01603698730469
2022-02-01,77.7833251953125,62.15288543701172,63.16558074951172
2022-02-02,76.13414001464844,62.353179931640625,64.09923553466797
2022-02-03,74.04840850830078,61.76140594482422,63.81266784667969
2022-02-04,75.0088119506836,62.726436614990234,63.304237365722656
2022-02-07,74.49465942382812,63.527591705322266,63.211788177490234
2022-02-08,75.43566131591797,62.161991119384766,63.258018493652344
2022-02-09,77.91914367675781,62.68091583251953,63.535343170166016
2022-02-10,76.29906463623047,62.289451599121094,61.926856994628906
2022-02-11,74.39765930175781,64.10114288330078,61.96382522583008
2022-02-14,74.1551284790039,62.58987045288086,61.436912536621094
2022-02-15,77.62809753417969,61.93437957763672,61.150352478027344
2022-02-16,77.8415298461914,62.43511962890625,61.28900146484375
2022-02-17,76.11474609375,62.3349609375,61.325965881347656
2022-02-18,74.58196258544922,61.95260238647461,61.215049743652344
2022-02-22,72.66117095947266,60.95115661621094,61.150352478027344
2022-02-23,71.85595703125,61.57933044433594,60.114986419677734
2022-02-24,75.79458618164062,61.09682083129883,60.59569549560547
2022-02-25,77.55049133300781,62.70822525024414,62.472251892089844
2022-02-28,81.48914337158203,64.25590515136719,62.795806884765625
2022-03-01,81.77046966552734,64.90228271484375,62.250396728515625
2022-03-02,81.00408935546875,66.38624572753906,63.008426666259766
2022-03-03,80.05337524414062,66.56832122802734,64.11773681640625
2022-03-04,79.14148712158203,68.48924255371094,65.53208923339844
2022-03-07,80.32501983642578,69.49980163574219,66.3825454711914
2022-03-08,85.70911407470703,70.59226989746094,65.35643768310547
2022-03-09,86.0389633178711,68.43463134765625,64.89423370361328
2022-03-10,85.06884002685547,70.528564453125,65.32870483398438
2022-03-11,83.29353332519531,69.96411895751953,65.10685729980469
2022-03-14,79.16087341308594,67.87019348144531,65.03290557861328
2022-03-15,81.22720336914062,65.38480377197266,65.86487579345703
2022-03-16,84.7001953125,65.08436584472656,65.74470520019531
2022-03-17,86.50460052490234,67.32393646240234,66.02203369140625
2022-03-18,87.55231475830078,67.26020812988281,65.45812225341797
2022-03-21,87.58830261230469,69.9715805053711,65.89550018310547
2022-03-22,89.1145248413086,69.4568862915039,65.98857879638672
2022-03-23,88.42431640625,70.65171813964844,66.08162689208984
2022-03-24,89.26034545898438,70.82633972167969,66.7609634399414
2022-03-25,88.0451889038086,72.37962341308594,67.72879028320312
2022-03-28,88.23960876464844,70.58739471435547,68.16617584228516
2022-03-29,89.69779205322266,70.40355682373047,68.7989730834961
2022-03-30,87.6271743774414,71.22156524658203,69.36663818359375
2022-03-31,87.22863006591797,70.25651550292969,69.29219055175781
2022-04-01,87.99658966064453,70.82633972167969,70.260009765625
2022-04-04,90.6115951538086,70.91827392578125,69.72025299072266
2022-04-05,87.81187438964844,69.80614471435547,70.15763092041016
2022-04-06,86.36341094970703,70.21973419189453,71.55355072021484
2022-04-07,85.85791015625,71.13884735107422,71.3767318725586
2022-04-08,84.1275405883789,73.09654235839844,71.6186752319336
2022-04-11,84.0400390625,70.89988708496094,70.64155578613281
2022-04-12,83.60259246826172,72.07633972167969,70.91141510009766
2022-04-13,84.5455551147461,73.15169525146484,70.7718276977539
2022-04-14,83.2720718383789,73.3906478881836,70.80906677246094
2022-04-18,82.8151626586914,74.46600341796875,70.42752075195312
2022-04-19,84.39972686767578,73.85940551757812,70.88350677490234
2022-04-20,83.06791687011719,74.14432525634766,71.46047973632812
2022-04-21,79.24746704101562,71.79141235351562,70.27861785888672
2022-04-22,77.44904327392578,70.0359115600586,69.09676361083984
2022-04-25,76.59358215332031,67.71977233886719,68.62215423583984
2022-04-26,74.93125915527344,67.81167602539062,67.93351745605469
2022-04-27,75.21317291259766,68.80431365966797,67.60781860351562
2022-04-28,75.79643249511719,70.89068603515625,68.36160278320312
2022-04-29,74.36741638183594,69.07086944580078,66.31427001953125
2022-05-02,74.74653625488281,70.17378234863281,65.63494873046875
2022-05-03,76.72967529296875,72.14067077636719,65.8862075805664
2022-05-04,80.72510528564453,75.13697052001953,67.35653686523438
2022-05-05,77.47821044921875,74.00645446777344,66.66790771484375
2022-05-06,75.58256530761719,76.21231079101562,67.19834899902344
2022-05-09,71.1885757446289,69.90724182128906,66.69583129882812
2022-05-10,70.73167419433594,70.54142761230469,65.8862075805664
2022-05-11,67.90278625488281,71.48811340332031,66.3608169555664
2022-05-12,68.50552368164062,71.79141235351562,65.69078826904297
2022-05-13,72.40373229980469,74.24542236328125,66.47248077392578
2022-05-16,71.7718505859375,76.203125,66.67721557617188
2022-05-17,75.13539123535156,77.0854721069336,67.36585235595703
2022-05-18,74.79515838623047,75.10939025878906,66.71443939208984
2022-05-19,76.76856231689453,74.83364868164062,66.5748519897461
2022-05-20,76.76856231689453,75.15534973144531,66.7609634399414
2022-05-23,77.34210205078125,77.14061737060547,67.56127166748047
2022-05-24,76.44776153564453,77.43472290039062,68.91064453125
2022-05-25,77.7892837524414,79.03397369384766,68.86410522460938
2022-05-26,79.56828308105469,79.9071273803711,69.05952453613281
2022-05-27,81.7750015258789,81.36849975585938,70.1390380859375
2022-05-31,80.4529037475586,80.14608764648438,69.17122650146484
2022-06-01,79.69464874267578,81.45123291015625,69.05952453613281
2022-06-02,82.88323211669922,81.1938705444336,69.52484893798828
2022-06-03,82.18328857421875,82.26923370361328,69.18981170654297
2022-06-06,84.97329711914062,82.17732238769531,69.49691772460938
2022-06-07,85.4593505859375,84.63133239746094,69.91568756103516
2022-06-08,84.39972686767578,84.81515502929688,68.54771423339844
2022-06-09,82.62074279785156,82.9401626586914,66.90054321289062
2022-06-10,80.66677856445312,81.53395080566406,66.38872528076172
2022-06-13,76.02974700927734,77.27848052978516,63.33636474609375
2022-06-14,74.36741638183594,77.425537109375,61.73574447631836
2022-06-15,76.7394027709961,75.71600341796875,62.13589859008789
2022-06-16,72.94811248779297,71.45134735107422,60.9354362487793
2022-06-17,75.48535919189453,67.54515075683594,60.36777114868164
2022-06-21,76.86859130859375,71.04438018798828,61.516883850097656
2022-06-22,76.48761749267578,68.20037078857422,62.164127349853516
2022-06-23,78.22640991210938,65.67237854003906,63.62748336791992
2022-06-24,78.36317443847656,66.5367202758789,64.7343521118164
2022-06-27,79.76007080078125,68.48849487304688,65.25967407226562
2022-06-28,77.00533294677734,70.33802032470703,65.0157699584961
2022-06-29,74.78787994384766,67.89366912841797,65.06267547607422
2022-06-30,76.1750259399414,66.46238708496094,65.78496551513672
2022-07-01,77.00533294677734,67.45684051513672,67.39840698242188
2022-07-05,76.00894165039062,64.78013610839844,65.1001968383789
2022-07-06,75.88196563720703,63.67414093017578,65.77558898925781
2022-07-07,79.564697265625,65.96978759765625,65.7099380493164
2022-07-08,80.83460998535156,65.94189453125,65.49417877197266
2022-07-11,77.72820281982422,65.30989837646484,65.90692901611328
2022-07-12,76.42899322509766,64.03660583496094,65.58797454833984
2022-07-13,76.76112365722656,63.93437194824219,65.31595611572266
2022-07-14,76.28246307373047,62.72612762451172,65.31595611572266
2022-07-15,74.98326110839844,63.748477935791016,65.43790435791016
2022-07-18,76.06756591796875,65.2076644897461,64.52799224853516
2022-07-19,77.76728820800781,67.21519470214844,64.94072723388672
2022-07-20,78.8418197631836,67.86578369140625,64.07772827148438
2022-07-21,78.8418197631836,66.67613983154297,64.24658966064453
2022-07-22,77.5133056640625,66.1277847290039,65.12833404541016
2022-07-25,78.58782958984375,68.55355834960938,65.94445037841797
2022-07-26,77.69890594482422,67.93083953857422,66.33840942382812
2022-07-27,80.75645446777344,69.46438598632812,66.39469146728516
2022-07-28,87.66280364990234,69.854736328125,68.77732849121094
2022-07-29,90.09518432617188,72.8846206665039,69.36829376220703
2022-08-01,88.69828033447266,71.37896728515625,69.4433364868164
2022-08-02,90.62267303466797,71.211669921875,69.3026351928711
2022-08-03,89.90957641601562,69.16696166992188,69.73412322998047
2022-08-04,92.44939422607422,66.6017837524414,69.88422393798828
2022-08-05,93.6020736694336,67.92156219482422,69.63095092773438
2022-08-08,94.97944641113281,68.27473449707031,69.73412322998047
2022-08-09,94.62777709960938,69.47367858886719,70.5126953125
2022-08-10,100.31305694580078,69.97555541992188,70.82225799560547
2022-08-11,98.60356903076172,72.38273620605469,70.81288146972656
2022-08-12,101.57320404052734,72.93109130859375,71.9666748046875
2022-08-15,101.41691589355469,71.50909423828125,72.56703186035156
2022-08-16,99.10174560546875,71.34178924560547,72.77339935302734
2022-08-17,97.63648223876953,71.93661499023438,72.65144348144531
2022-08-18,99.61949157714844,73.86980438232422,72.92347717285156
2022-08-19,95.84883880615234,73.8511962890625,72.88594818115234
2022-08-22,93.88536834716797,73.71179962158203,71.89163208007812
2022-08-23,94.47146606445312,76.36991882324219,71.46012115478516
2022-08-24,96.99176025390625,77.30863189697266,71.68525695800781
2022-08-25,98.72078704833984,77.9034652709961,72.12614440917969
2022-08-26,96.50333404541016,76.99261474609375,71.0192642211914
2022-08-29,95.5655517578125,78.1543960571289,71.2350082397461
2022-08-30,93.91466522216797,75.50555419921875,70.19377899169922
2022-08-31,94.18819427490234,74.81779479980469,69.73412322998047
2022-09-01,92.99642181396484,72.9775619506836,70.73783874511719
2022-09-02,91.60929870605469,74.31591796875,69.97803497314453
2022-09-06,92.76197052001953,73.62815856933594,70.15625762939453
2022-09-07,97.37272644042969,72.77308654785156,72.35128021240234
2022-09-08,97.33365631103516,73.08909606933594,72.29499816894531
2022-09-09,97.90023803710938,74.9107437133789,72.58578491210938
2022-09-12,98.53519439697266,76.2862777709961,73.27995300292969
2022-09-13,95.81954193115234,74.36238861083984,71.32880401611328
2022-09-14,97.39226531982422,76.4628677368164,71.91039276123047
2022-09-15,95.02828216552734,74.49251556396484,70.11874389648438
2022-09-16,94.05142974853516,72.90320587158203,69.85608673095703
2022-09-19,94.95924377441406,72.9464340209961,70.79197692871094
2022-09-20,92.01470184326172,72.43907165527344,69.76258087158203
2022-09-21,91.7799072265625,71.37738800048828,68.80874633789062
2022-09-22,88.98210906982422,71.12370300292969,68.56320190429688
2022-09-23,86.42886352539062,66.21926879882812,67.76990509033203
2022-09-26,84.62887573242188,64.59385681152344,66.13609313964844
2022-09-27,85.68537902832031,65.31730651855469,65.02171325683594
2022-09-28,87.31908416748047,68.21110534667969,65.7205581665039
2022-09-29,83.0832290649414,68.21110534667969,63.085697174072266
2022-09-30,83.11257934570312,67.66617584228516,61.86742401123047
2022-10-03,85.9006118774414,71.4901351928711,63.680667877197266
2022-10-04,89.0897216796875,74.56246185302734,65.0311508178711
2022-10-05,86.11582946777344,76.10331726074219,63.586238861083984
2022-10-06,83.41584014892578,77.45626068115234,61.48966598510742
2022-10-07,80.88214874267578,76.85494232177734,60.21472930908203
2022-10-10,80.40280151367188,75.2765121459961,60.3186149597168
2022-10-11,80.00172424316406,74.67520141601562,60.101402282714844
2022-10-12,77.33110046386719,75.2765121459961,58.099281311035156
2022-10-13,78.34846496582031,78.34882354736328,59.55365753173828
2022-10-14,75.91261291503906,75.42682647705078,58.694252014160156
2022-10-17,77.31150817871094,76.36637878417969,59.92197036743164
2022-10-18,79.0919418334961,77.033447265625,61.01746368408203
2022-10-19,76.96913146972656,79.30716705322266,60.22418212890625
2022-10-20,75.65826416015625,79.38232421875,58.70370101928711
2022-10-21,77.44847869873047,81.67483520507812,59.789756774902344
2022-10-24,76.92021942138672,82.06002044677734,60.290283203125
2022-10-25,79.61042022705078,82.14460754394531,61.49911117553711
2022-10-26,80.83323669433594,83.26265716552734,61.47077178955078
2022-10-27,81.99736785888672,83.56331634521484,61.96186828613281
2022-10-28,82.36909484863281,83.85457611083984,63.66177749633789
2022-10-31,83.5234375,84.55923461914062,63.06681442260742
2022-11-01,83.69953155517578,85.37664031982422,63.312355041503906
2022-11-02,81.2538833618164,83.31903076171875,62.6984977722168
2022-11-03,82.8778076171875,84.85987854003906,62.97237014770508
2022-11-04,82.85822296142578,85.89338684082031,63.35956954956055
2022-11-07,81.54737854003906,87.36848449707031,62.15074157714844
2022-11-08,82.77020263671875,87.45303344726562,62.58517074584961
2022-11-09,82.43758392333984,83.1781005859375,62.094078063964844
2022-11-10,88.72776794433594,85.02900695800781,65.02171325683594
2022-11-11,88.38536834716797,87.50001525878906,64.2945327758789
2022-11-14,87.30929565429688,87.47181701660156,63.52956771850586
2022-11-15,89.75493621826172,88.39258575439453,64.2284164428711
2022-11-16,89.0407943725586,86.58865356445312,64.80448913574219
2022-11-17,88.87449645996094,86.77655792236328,63.67122268676758
2022-11-18,88.79623413085938,86.09069061279297,65.02171325683594
2022-11-21,88.9332046508789,84.92565155029297,65.3144760131836
2022-11-22,89.7353744506836,87.5845718383789,65.87167358398438
2022-11-23,90.99729919433594,86.6356201171875,66.6082992553711
2022-11-25,91.39839935302734,86.3161849975586,66.99549865722656
2022-11-28,88.76689147949219,83.94851684570312,66.30609893798828
2022-11-29,87.86688995361328,85.2169189453125,65.81499481201172
2022-11-30,91.20275115966797,85.63971710205078,67.45824432373047
2022-12-01,89.55928039550781,85.35784912109375,67.4015884399414
2022-12-02,91.32991790771484,84.85049438476562,67.08048248291016
2022-12-05,89.45167541503906,82.33250427246094,66.70274353027344
2022-12-06,86.8201675415039,80.16214752197266,67.11827850341797
2022-12-07,86.17451477050781,79.9742431640625,66.8066177368164
2022-12-08,86.5364761352539,79.6172103881836,67.24103546142578
2022-12-09,85.85169982910156,77.68175506591797,66.89161682128906
2022-12-12,86.75167846679688,79.7205581665039,68.4215316772461
2022-12-13,88.23863220214844,81.23323059082031,68.62930297851562
2022-12-14,89.7451400756836,80.73527526855469,68.5443115234375
2022-12-15,87.328857421875,80.24671173095703,67.71324157714844
2022-12-16,85.67560577392578,79.26018524169922,66.56108093261719
2022-12-19,83.77989959716797,79.25069427490234,66.29638671875
2022-12-20,82.77854919433594,80.44671630859375,66.3154296875
2022-12-21,84.34930419921875,81.97496795654297,67.2389907836914
2022-12-22,81.79682922363281,80.08601379394531,66.82958221435547
2022-12-23,81.55140686035156,82.63941955566406,67.5151138305664
2022-12-27,79.4996109008789,83.52220153808594,67.93404388427734
2022-12-28,78.47863006591797,81.65222930908203,67.28659057617188
2022-12-29,80.3144302368164,82.50653839111328,67.77217864990234
2022-12-30,80.51078033447266,83.02861022949219,67.1247329711914
2023-01-03,78.94984436035156,80.11449432373047,67.1247329711914
2023-01-04,81.32560729980469,80.1050033569336,67.73408508300781
2023-01-05,79.38180541992188,81.5667953491211,66.267822265625
2023-01-06,81.82627868652344,83.1140365600586,67.60079193115234
2023-01-09,83.4068603515625,82.81977844238281,68.05781555175781
2023-01-10,85.90042114257812,83.40829467773438,68.07686614990234
2023-01-11,89.03211212158203,83.66458129882812,68.62909698486328
2023-01-12,90.3083267211914,85.25926971435547,68.16254425048828
2023-01-13,90.5439453125,85.38267517089844,67.91499328613281
2023-01-17,91.24098205566406,85.56303405761719,67.81978607177734
2023-01-18,89.86656188964844,83.99681091308594,66.191650390625
2023-01-19,86.26366424560547,85.04096221923828,65.5251693725586
2023-01-20,87.97185516357422,85.88578033447266,65.91553497314453
2023-01-23,90.62248229980469,85.99967193603516,65.9345932006836
2023-01-24,90.1708984375,85.66744995117188,66.267822265625
2023-01-25,88.8946762084961,85.67694854736328,65.37283325195312
2023-01-26,88.46270751953125,88.38223266601562,65.5918197631836
2023-01-27,89.71931457519531,86.59768676757812,65.5918197631836
2023-01-30,87.27482604980469,84.61380767822266,65.2966537475586
2023-01-31,90.26907348632812,85.36369323730469,65.78223419189453
2023-02-01,91.52568054199219,83.6835708618164,65.89649200439453
2023-02-02,92.21287536621094,81.77562713623047,66.03931427001953
2023-02-03,89.8272933959961,81.59528350830078,64.65874481201172
2023-02-06,89.26771545410156,81.2250747680664,65.21096801757812
2023-02-07,89.03211212158203,83.86392211914062,65.1823959350586
2023-02-08,87.62824249267578,83.1140365600586,64.08745574951172
2023-02-09,85.62554168701172,82.40211486816406,63.21150588989258
2023-02-10,86.19493865966797,85.62947845458984,64.46830749511719
2023-02-13,87.1962890625,85.4111557006836,64.85868072509766
2023-02-14,87.07848358154297,85.43962860107422,64.58257293701172
2023-02-15,90.00401306152344,83.9873275756836,65.00149536132812
2023-02-16,87.36317443847656,83.16150665283203,64.50638580322266
2023-02-17,86.99012756347656,80.19992065429688,65.2014389038086
2023-02-21,83.92716217041016,79.8012466430664,63.98271560668945
2023-02-22,84.22166442871094,79.26968383789062,63.735172271728516
2023-02-23,85.06596374511719,80.46570587158203,63.40192413330078
2023-02-24,83.35777282714844,80.36129760742188,63.42096710205078
2023-02-27,84.72235870361328,80.59858703613281,62.99251937866211
2023-02-28,84.45729064941406,79.44054412841797,61.8880500793457
2023-03-01,84.99723052978516,81.00675964355469,60.86928176879883
2023-03-02,84.88925170898438,81.71866607666016,62.02134704589844
2023-03-03,87.74604797363281,82.82927703857422,63.07820129394531
2023-03-06,88.3350830078125,82.86724090576172,63.382896423339844
2023-03-07,87.41226196289062,81.42442321777344,62.34507369995117
2023-03-08,88.21728515625,80.58909606933594,62.82114028930664
2023-03-09,86.46981048583984,79.45003509521484,62.316505432128906
2023-03-10,83.48538970947266,78.43436431884766,61.3358154296875
2023-03-13,83.56393432617188,76.83966064453125,62.2784309387207
2023-03-14,84.08424377441406,77.59905242919922,63.097251892089844
2023-03-15,82.05208587646484,73.43195343017578,63.95416259765625
2023-03-16,82.1797103881836,74.22930145263672,64.38261413574219
2023-03-17,79.26399993896484,73.06175231933594,63.76374053955078
2023-03-20,80.02529907226562,74.52442932128906,64.26249694824219
2023-03-21,82.82854461669922,77.10448455810547,62.967647552490234
2023-03-22,80.49742126464844,75.46438598632812,61.73035430908203
2023-03-23,80.7334976196289,74.4189224243164,61.09732437133789
2023-03-24,80.890869140625,74.70667266845703,63.006019592285156
2023-03-27,81.05807495117188,76.29882049560547,63.08274459838867
2023-03-28,80.78266906738281,77.47855377197266,63.25538635253906
2023-03-29,82.75968170166016,78.55278778076172,64.1761703491211
2023-03-30,83.7432861328125,78.89806365966797,64.45430755615234
2023-03-31,85.26786041259766,79.44477081298828,64.92430877685547
2023-04-03,84.31378173828125,83.04151153564453,64.48309326171875
2023-04-04,83.0449447631836,81.53567504882812,64.8092041015625
2023-04-05,81.37283325195312,82.76336669921875,66.48770141601562
2023-04-06,80.8613510131836,81.50690460205078,66.95767211914062
2023-04-10,82.37609100341797,82.15911102294922,66.82340240478516
2023-04-11,83.52690124511719,82.9360122680664,66.88094329833984
2023-04-12,82.68099975585938,82.9935531616211,66.81381225585938
2023-04-13,83.82197570800781,83.51148223876953,66.82340240478516
2023-04-14,82.68099975585938,83.6649398803711,66.07527160644531
2023-04-17,84.06788635253906,82.67703247070312,66.43973541259766
2023-04-18,83.27117156982422,83.00314331054688,66.09445190429688
2023-04-19,82.48429107666016,82.71539306640625,66.60279846191406
2023-04-20,82.82854461669922,81.9864730834961,66.5836181640625
2023-04-21,82.97608184814453,81.50690460205078,66.77544403076172
2023-04-24,83.34002685546875,82.75376892089844,67.11114501953125
2023-04-25,81.56954956054688,81.19998931884766,67.04399871826172
2023-04-26,78.126953125,80.11616516113281,65.47100830078125
2023-04-27,80.02529907226562,80.40389251708984,66.25750732421875
2023-04-28,80.55644226074219,81.65076446533203,66.1615982055664
2023-05-01,79.99578857421875,80.72999572753906,66.27668762207031
2023-05-02,77.88106536865234,77.21958923339844,65.47100830078125
2023-05-03,78.29417419433594,75.76170349121094,65.28877258300781
2023-05-04,76.9269790649414,74.91767120361328,65.78752136230469
2023-05-05,79.29743957519531,76.9510269165039,66.20954895019531
2023-05-08,78.92367553710938,76.9510269165039,66.00813293457031
2023-05-09,78.74662017822266,76.97981262207031,65.92180633544922
2023-05-10,78.97286224365234,76.10698699951172,66.52606964111328
2023-05-11,79.20890808105469,75.1958236694336,65.8450698852539
2023-05-12,80.57611083984375,75.31092071533203,66.20954895019531
2023-05-15,81.20561218261719,75.6945571899414,65.3750991821289
2023-05-16,78.83515167236328,73.8338623046875,63.92678451538086
2023-05-17,80.04497528076172,75.25337219238281,63.69660949707031
2023-05-18,79.71055603027344,75.80007934570312,63.5047721862793
2023-05-19,79.07122039794922,76.38514709472656,63.408851623535156
2023-05-22,80.90070343017578,76.06863403320312,63.42803955078125
2023-05-23,80.81217193603516,76.8838882446289,63.20743179321289
2023-05-24,79.72039794921875,77.21958923339844,62.79500198364258
2023-05-25,79.3171157836914,75.84803771972656,61.95095443725586
2023-05-26,79.73020935058594,75.55069732666016,61.95095443725586
2023-05-30,79.8875961303711,74.77379608154297,61.71116638183594
2023-05-31,78.81547546386719,73.45979309082031,62.277069091796875
2023-06-01,80.2613525390625,74.3709716796875,61.816673278808594
2023-06-02,81.64823913574219,76.63452911376953,62.45930480957031
2023-06-05,81.13676452636719,76.12617492675781,62.756629943847656
2023-06-06,82.23838806152344,76.74002838134766,62.708675384521484
2023-06-07,83.12362670898438,78.77337646484375,63.77333450317383
2023-06-08,82.77936553955078,78.43768310546875,64.05148315429688
2023-06-09,82.46461486816406,78.0060806274414,63.67741394042969
2023-06-12,83.69409942626953,77.2579574584961,63.562320709228516
2023-06-13,85.09080505371094,77.62242126464844,63.5527229309082
2023-06-14,83.34984588623047,76.82633972167969,63.51436233520508
2023-06-15,84.63836669921875,77.67037963867188,64.20494079589844
2023-06-16,83.88099670410156,77.55528259277344,64.55023193359375
2023-06-20,82.3149185180664,75.81944274902344,63.79319381713867
2023-06-21,82.34449005126953,76.41934204101562,64.30561828613281
2023-06-22,81.329345703125,75.39371490478516,63.81251907348633
2023-06-23,79.81157684326172,74.85187530517578,62.87467575073242
2023-06-26,80.28463745117188,76.19680786132812,63.49345779418945
2023-06-27,81.56588745117188,76.3709716796875,63.51280212402344
2023-06-28,82.19664764404297,77.14502716064453,62.574947357177734
2023-06-29,82.46276092529297,78.03520965576172,62.574947357177734
2023-06-30,83.38919067382812,78.53833770751953,63.271087646484375
2023-07-03,83.65528869628906,78.72218322753906,63.74483871459961
2023-07-05,82.80770111083984,78.28677368164062,64.46997833251953
2023-07-06,80.17623138427734,76.52577209472656,63.68682861328125
2023-07-07,81.5166015625,78.170654296875,63.22273635864258
2023-07-10,83.251220703125,78.78023529052734,62.952022552490234
2023-07-11,83.72428131103516,80.51220703125,63.73517608642578
2023-07-12,84.94639587402344,81.25724029541016,64.66336059570312
2023-07-13,85.8826904296875,80.94762420654297,64.88573455810547
2023-07-14,83.96083068847656,78.80926513671875,64.63435363769531
2023-07-17,86.296630859375,78.65444946289062,63.88987350463867
2023-07-18,86.0699462890625,79.44786834716797,63.39677810668945
2023-07-19,86.54302215576172,79.91230010986328,64.04456329345703
2023-07-20,85.45889282226562,80.8508529663086,65.21446228027344
2023-07-21,85.13365173339844,81.56686401367188,66.19099426269531
2023-07-24,85.22235870361328,82.88276672363281,66.01695251464844
2023-07-25,85.0548095703125,83.31817626953125,66.13297271728516
2023-07-26,85.09422302246094,83.34719848632812,66.13297271728516
2023-07-27,81.8615493774414,82.8150405883789,64.96308135986328
2023-07-28,81.96012115478516,83.06660461425781,64.81805419921875
2023-07-31,83.11322784423828,84.64376831054688,64.84706115722656
2023-08-01,82.21635437011719,84.24706268310547,64.05423736572266
2023-08-02,79.14138793945312,83.14401245117188,64.05423736572266
2023-08-03,78.59931945800781,83.9858169555664,62.594276428222656
2023-08-04,77.79114532470703,84.10192108154297,61.869140625
2023-08-07,77.40677642822266,84.19867706298828,61.859474182128906
2023-08-08,77.08154296875,84.61473083496094,62.14952850341797
2023-08-09,77.8699951171875,85.6790771484375,62.28488540649414
2023-08-10,77.0716781616211,85.66938781738281,62.09151840209961
2023-08-11,76.3719253540039,86.98530578613281,62.42991638183594
2023-08-14,76.38178253173828,86.61761474609375,61.93681716918945
2023-08-15,74.43035125732422,84.81792449951172,60.93129348754883
2023-08-16,73.22795104980469,84.08256530761719,61.2020149230957
2023-08-17,72.47891235351562,85.0888442993164,61.066650390625
2023-08-18,72.92241668701172,85.9306411743164,61.38571548461914
2023-08-21,72.86328887939453,85.38880157470703,60.998966217041016
2023-08-22,72.22267150878906,84.73084259033203,61.173004150390625
2023-08-23,73.45462799072266,84.51797485351562,61.41471481323242
2023-08-24,71.89742279052734,83.93743133544922,61.056983947753906
2023-08-25,73.01112365722656,84.75019073486328,61.52107238769531
2023-08-28,73.57290649414062,85.3210678100586,61.51140594482422
2023-08-29,75.63274383544922,85.55328369140625,61.74345397949219
2023-08-30,75.0019760131836,85.97901916503906,61.46305847167969
2023-08-31,74.6274642944336,86.03707122802734,60.87327575683594
2023-09-01,75.47505950927734,87.7980728149414,60.563880920410156
2023-09-05,74.16424560546875,88.26251220703125,59.635704040527344
2023-09-06,72.76473999023438,88.30121612548828,59.771060943603516
2023-09-07,71.84815216064453,88.21412658691406,60.55421829223633
2023-09-08,71.58204650878906,89.06559753417969,61.08598709106445
2023-09-11,72.06497955322266,87.89482116699219,61.33736801147461
2023-09-12,72.84358978271484,89.96544647216797,61.41471481323242
2023-09-13,71.91714477539062,89.28813934326172,62.14952850341797
2023-09-14,73.83900451660156,90.33312225341797,63.058372497558594
2023-09-15,72.74501037597656,89.02689361572266,62.78765869140625
2023-09-18,71.07630920410156,89.78132629394531,62.74087142944336
2023-09-19,71.14546203613281,88.94306945800781,62.39971923828125
2023-09-20,70.55266571044922,88.11455535888672,62.45820999145508
2023-09-21,69.11019134521484,86.9059066772461,61.8051643371582
2023-09-22,68.56680297851562,87.05210876464844,61.688201904296875
2023-09-25,68.69523620605469,88.143798828125,61.60047912597656
2023-09-26,67.57880401611328,87.63694763183594,59.7583122253418
2023-09-27,67.18360137939453,89.82032012939453,58.608177185058594
2023-09-28,66.63032531738281,89.91777801513672,57.34107971191406
2023-09-29,66.65008544921875,88.10480499267578,57.43854904174805
2023-10-02,64.01214599609375,86.35031127929688,54.76789474487305
2023-10-03,62.648712158203125,86.29183197021484,55.40144348144531
2023-10-04,62.97475051879883,83.58210754394531,55.342960357666016
2023-10-05,61.65083694458008,83.06551361083984,55.02131271362305
2023-10-06,62.96487045288086,83.5626220703125,55.80106735229492
2023-10-09,62.66847229003906,86.35031127929688,56.35663986206055
2023-10-10,65.48424530029297,86.45753479003906,57.12664794921875
2023-10-11,66.08692169189453,85.34635162353516,58.05260467529297
2023-10-12,64.3678207397461,85.44383239746094,57.155887603759766
2023-10-13,63.78490447998047,87.32503509521484,57.7991828918457
2023-10-16,64.61482238769531,87.90986633300781,58.39374542236328
2023-10-17,65.24713897705078,88.82610321044922,58.23779296875
2023-10-18,63.13282775878906,89.63511657714844,57.73095703125
2023-10-19,61.907718658447266,89.47916412353516,57.155887603759766
2023-10-20,60.0404052734375,87.97810363769531,56.56132507324219
2023-10-23,59.763771057128906,86.55500793457031,56.0837287902832
2023-10-24,60.79127883911133,85.33660888671875,57.526268005371094
2023-10-25,59.68472671508789,85.18064880371094,57.84791564941406
2023-10-26,59.763771057128906,84.51783752441406,58.345008850097656
2023-10-27,57.7186164855957,82.49042510986328,57.24361038208008
2023-10-30,58.291656494140625,82.76335906982422,57.682220458984375
2023-10-31,59.289527893066406,83.0362777709961,58.17931365966797
2023-11-01,59.29941177368164,82.84132385253906,58.842105865478516
2023-11-02,62.02627182006836,85.34635162353516,59.943504333496094
2023-11-03,63.36994552612305,84.48860168457031,60.29439163208008
2023-11-06,62.451114654541016,83.53337860107422,60.13844299316406
2023-11-07,61.92747497558594,81.6814193725586,59.699832916259766
2023-11-08,60.81104278564453,80.657958984375,59.26122283935547
2023-11-09,60.06016540527344,80.41427612304688,58.481468200683594
2023-11-10,59.338932037353516,81.30126953125,58.79336929321289
2023-11-13,59.20061111450195,81.8861083984375,58.09158706665039
2023-11-14,63.52803039550781,82.61714172363281,60.41135787963867
2023-11-15,64.02202606201172,82.46118927001953,60.226165771484375
2023-11-16,63.07354736328125,80.85289764404297,60.547813415527344
2023-11-17,63.537899017333984,82.54891204833984,60.71350860595703
2023-11-20,64.02202606201172,82.66587829589844,60.528316497802734
2023-11-21,62.9945068359375,82.4806900024414,60.655029296875
2023-11-22,63.19210433959961,82.44168853759766,60.94743347167969
2023-11-24,63.113067626953125,82.78284454345703,61.10338592529297
2023-11-27,62.372074127197266,82.49042510986328,61.20085525512695
2023-11-28,63.043907165527344,82.50992584228516,61.39579391479492
2023-11-29,63.7552604675293,81.8958511352539,60.908447265625
2023-11-30,63.972625732421875,82.44168853759766,61.17161560058594
2023-12-01,66.2647705078125,82.87056732177734,61.92212677001953
2023-12-04,66.54141235351562,82.49042510986328,61.67845153808594
2023-12-05,65.54352569580078,81.0478515625,61.239845275878906
2023-12-06,65.07917785644531,79.83920288085938,62.05857849121094
2023-12-07,65.38545227050781,79.29335021972656,61.92212677001953
2023-12-08,65.05941772460938,80.15111541748047,61.8051643371582
2023-12-11,65.40521240234375,80.24857330322266,62.20478439331055
2023-12-12,64.37770080566406,79.14714050292969,61.95136642456055
2023-12-13,67.82579803466797,80.24857330322266,64.2906265258789
2023-12-14,71.04666137695312,82.60739135742188,63.452388763427734
2023-12-15,70.53290557861328,82.16877746582031,62.350990295410156
2023-12-18,68.79782104492188,82.83992004394531,62.210296630859375
2023-12-19,70.85252380371094,83.8338394165039,62.564491271972656
2023-12-20,68.15263366699219,83.05641174316406,61.29529571533203
2023-12-21,70.56466674804688,83.38115692138672,61.40351867675781
2023-12-22,70.99149322509766,83.62718200683594,61.610130310058594
2023-12-26,72.51018524169922,84.3455581665039,61.984004974365234
2023-12-27,72.44071197509766,83.97161102294922,61.94464874267578
2023-12-28,72.38114929199219,82.69229888916016,62.38739013671875
2023-12-29,71.2098617553711,82.50532531738281,62.308685302734375
2024-01-02,70.75326538085938,83.39099884033203,63.21384811401367
2024-01-03,68.70848846435547,84.74903106689453,63.449974060058594
2024-01-04,67.24935150146484,83.26306915283203,63.253204345703125
2024-01-05,66.63392639160156,83.33195495605469,63.48932647705078
2024-01-08,67.10045623779297,82.3675537109375,63.95174789428711
2024-01-09,66.33615112304688,81.04888916015625,63.4302978515625
2024-01-10,66.01851654052734,80.25178527832031,63.42045974731445
2024-01-11,64.47003936767578,80.45844268798828,61.94464874267578
2024-01-12,63.79506301879883,81.3637924194336,62.29884719848633
2024-01-16,61.52198791503906,79.42515563964844,61.61997604370117
2024-01-17,60.30107879638672,78.76582336425781,60.72465133666992
2024-01-18,60.162113189697266,78.63788604736328,60.07529067993164
2024-01-19,60.31100082397461,78.89374542236328,59.99658203125
2024-01-22,61.660953521728516,79.18898010253906,59.69157791137695
2024-01-23,62.97119903564453,79.35626983642578,59.799808502197266
2024-01-24,61.4227294921875,80.48796081542969,58.98319625854492
2024-01-25,62.3359260559082,82.29866790771484,60.0457763671875
2024-01-26,61.849552154541016,82.90880584716797,60.222869873046875
2024-01-29,63.10023880004883,82.79071044921875,60.6065788269043
2024-01-30,62.236671447753906,83.64685821533203,60.58690643310547
2024-01-31,61.4227294921875,82.0821762084961,60.45900344848633
2024-02-01,63.82484817504883,82.07233428955078,61.610130310058594
2024-02-02,62.772682189941406,82.19041442871094,60.49835968017578
2024-02-05,60.767608642578125,81.98375701904297,59.23899841308594
2024-02-06,62.09770584106445,82.24946594238281,59.45545196533203
2024-02-07,63.3186149597168,82.41676330566406,59.494808197021484
2024-02-08,63.59654235839844,83.26306915283203,59.071739196777344
2024-02-09,65.25420379638672,81.98375701904297,59.298030853271484
2024-02-12,67.3585433959961,82.88911437988281,59.98674774169922
2024-02-13,63.60647201538086,82.05264282226562,58.9930305480957
2024-02-14,66.16740417480469,81.97393035888672,59.317710876464844
2024-02-15,67.19971466064453,84.25698852539062,60.31142044067383
2024-02-16,65.9291763305664,84.2077865600586,60.242549896240234
2024-02-20,64.64871215820312,83.4402084350586,60.20319366455078
2024-02-21,63.78514099121094,85.0048828125,61.0001335144043
2024-02-22,61.7701416015625,85.15250396728516,60.52787399291992
2024-02-23,61.44258117675781,84.5915756225586,60.960777282714844
2024-02-26,61.343318939208984,84.88680267333984,59.76045608520508
2024-02-27,62.68334197998047,84.52268981933594,60.891902923583984
2024-02-28,62.455039978027344,84.35540008544922,61.07884216308594
2024-02-29,62.63371276855469,84.76870727539062,61.09851837158203
2024-03-01,63.54690933227539,85.75279235839844,60.72465133666992
2024-03-04,63.239200592041016,84.83759307861328,61.74787521362305
2024-03-05,62.39548873901367,85.4674072265625,61.570777893066406
2024-03-06,63.6660270690918,85.73311614990234,62.161102294921875
2024-03-07,64.1126937866211,86.46133422851562,62.564491271972656
2024-03-08,64.45018768310547,86.76638793945312,62.72190856933594
2024-03-11,63.83476638793945,87.66191101074219,63.03675079345703
2024-03-12,62.762752532958984,87.52413940429688,62.4267463684082
2024-03-13,61.97858810424805,88.92153930664062,62.849815368652344
2024-03-14,60.64849090576172,89.83672332763672,62.34803771972656
2024-03-15,60.579010009765625,90.10242462158203,62.436588287353516
2024-03-18,60.516273498535156,90.41392517089844,62.724266052246094
2024-03-19,60.65568923950195,91.44564056396484,63.279788970947266
2024-03-20,62.09963607788086,91.31668090820312,63.35914993286133
2024-03-21,62.74692153930664,91.86229705810547,63.25994873046875
2024-03-22,61.93034362792969,91.66388702392578,63.3492317199707
2024-03-25,61.74113845825195,92.51703643798828,63.64683532714844
2024-03-26,61.402557373046875,91.80277252197266,62.92266845703125
2024-03-27,64.00165557861328,92.65592193603516,64.67850494384766
2024-03-28,64.48961639404297,93.65788269042969,65.12491607666016
2024-04-01,64.19086456298828,94.35230255126953,64.72811126708984
2024-04-02,62.69712829589844,95.67170715332031,64.83723449707031
2024-04-03,63.06558609008789,96.32644653320312,64.57930755615234
2024-04-04,62.67721176147461,96.26692199707031,64.45035552978516
2024-04-05,62.40834045410156,97.29863739013672,64.63883209228516
2024-04-08,62.69712829589844,96.68357849121094,65.06539154052734
2024-04-09,64.04148864746094,96.71333312988281,65.4225082397461
2024-04-10,62.169342041015625,97.01094818115234,64.30155181884766
2024-04-11,61.93034362792969,96.9415054321289,64.17259216308594
2024-04-12,59.998443603515625,95.36417388916016,63.68650817871094
2024-04-15,58.235836029052734,94.47134399414062,63.10123062133789
2024-04-16,57.26988220214844,93.64795684814453,62.267948150634766
2024-04-17,57.46904754638672,93.3801040649414,63.56747055053711
2024-04-18,57.01097106933594,93.09241485595703,63.924591064453125
2024-04-19,56.84168243408203,94.21341705322266,64.90666961669922
2024-04-22,57.14043045043945,94.8284683227539,65.50186920166016
2024-04-23,58.28562545776367,95.35425567626953,65.80938720703125
2024-04-24,58.19599914550781,95.42369842529297,66.20619201660156
2024-04-25,57.72796630859375,95.86018371582031,66.38475036621094
2024-04-26,58.693912506103516,94.97727966308594,65.66059875488281
2024-04-29,59.5802001953125,95.62210083007812,66.55339050292969
2024-04-30,58.50470733642578,92.77496337890625,66.20619201660156
2024-05-01,58.375247955322266,91.29683685302734,66.97003936767578
2024-05-02,59.82915496826172,91.8226089477539,67.32715606689453
2024-05-03,61.7013053894043,91.83253479003906,67.86283874511719
2024-05-06,62.21913528442383,92.55672454833984,68.21003723144531
2024-05-07,61.88055419921875,92.46743774414062,68.98380279541016
2024-05-08,61.64155578613281,92.35830688476562,69.70795440673828
2024-05-09,62.557716369628906,93.59835052490234,70.76940155029297
2024-05-10,61.57184982299805,93.0824966430664,70.69995880126953
2024-05-13,62.43821716308594,92.83448791503906,70.69995880126953
2024-05-14,64.96760559082031,92.95352935791016,70.88844299316406
2024-05-15,64.30040740966797,93.161865234375,71.94988250732422
2024-05-16,63.9219970703125,92.9039306640625,71.7018814086914
2024-05-17,62.93613052368164,94.2034912109375,71.76139831542969
2024-05-20,63.08549880981445,93.58843231201172,71.64236450195312
2024-05-21,64.02157592773438,93.13209533691406,72.28717041015625
2024-05-22,66.7800064086914,91.346435546875,71.43404388427734
2024-05-23,64.89790344238281,90.51313018798828,70.22380065917969
2024-05-24,66.95925903320312,90.64209747314453,70.9281234741211
2024-05-28,67.18830108642578,91.57460021972656,70.85868072509766
2024-05-29,66.58084869384766,89.95758819580078,69.946044921875
2024-05-30,67.76588439941406,90.21552276611328,70.88844299316406
